Query_ID	Target_ID	Optimal_offset	p-value	E-value	q-value	Overlap	Query_consensus	Target_consensus	Orientation
DRCCASHAGRKGGC	MA1929.2	16	1.66685e-16	1.69852e-13	1.88184e-13	14	GGCCACCAGAGGGC	CTGCAGTTCCAGCTGTGGCCACCAGGGGGCG	+
DRCCASHAGRKGGC	MA1930.2	17	1.85206e-16	1.88725e-13	1.88184e-13	14	GGCCACCAGAGGGC	CTGCAGTTCCCCCTTCTGGCCACTAGGGGGCGC	+
DRCCASHAGRKGGC	MA0139.2	-1	2.14873e-09	2.18955e-06	1.45552e-06	13	GGCCACCAGAGGGC	GCCACCAGGGGGCGC	+
DRCCASHAGRKGGC	MA2536.1	-4	0.000101305	0.10323	0.0514672	10	GGCCACCAGAGGGC	AGCAGGTGGC	-
DRCCASHAGRKGGC	MA1102.3	-6	0.000196866	0.200607	0.0800127	8	GGCCACCAGAGGGC	CAGGGGGC	+
DRCCASHAGRKGGC	MA1987.2	0	0.00098074	0.999374	0.284717	14	GGCCACCAGAGGGC	GAGCACCAAAGGGGGGA	+
TTTTDTTTKTTTTTTTTTTT	MA2593.1	-9	9.37513e-07	0.000955326	0.00191065	10	TTTTTTTTTTTTTTTTTTTT	TTTTTTTTTT	-
TTTTDTTTKTTTTTTTTTTT	MA1125.2	-12	2.07064e-06	0.00210998	0.00210998	8	TTTTTTTTTTTTTTTTTTTT	TTTTTTTT	-
CTGCCCDGCCC	MA0597.3	-1	9.6422e-05	0.098254	0.195474	8	CTGCCCAGCCC	TGCCCTGC	-
CTGCCCDGCCC	MA2341.1	-3	0.000532814	0.542937	0.54008	8	CTGCCCAGCCC	CCCAGCCT	+
CCYVCCYCHRCCYCC	MA1961.2	-4	2.76887e-06	0.00282148	0.00554053	11	CCTGCCCCCGCCTCC	CCCCCGCCCCC	-
CCYVCCYCHRCCYCC	MA0516.3	-5	1.91169e-05	0.0194801	0.011057	9	CCTGCCCCCGCCTCC	CCCCGCCCC	-
CCYVCCYCHRCCYCC	MA0742.2	-5	2.52209e-05	0.0257001	0.011057	9	CCTGCCCCCGCCTCC	CCCCGCCCC	-
CCYVCCYCHRCCYCC	MA1511.2	-5	2.52209e-05	0.0257001	0.011057	9	CCTGCCCCCGCCTCC	CCCCGCCCC	-
CCYVCCYCHRCCYCC	MA0079.5	-5	3.31542e-05	0.0337842	0.011057	9	CCTGCCCCCGCCTCC	CCCCGCCCC	-
CCYVCCYCHRCCYCC	MA0685.2	-5	3.31542e-05	0.0337842	0.011057	9	CCTGCCCCCGCCTCC	CCCCGCCCC	-
CCYVCCYCHRCCYCC	MA2587.1	0	3.99302e-05	0.0406889	0.0114144	15	CCTGCCCCCGCCTCC	CATCCCCCTGCCTCC	+
CCYVCCYCHRCCYCC	MA1596.1	-3	5.90339e-05	0.0601555	0.0147659	12	CCTGCCCCCGCCTCC	GCCTCAGCCTCCCGAG	+
CCYVCCYCHRCCYCC	MA0740.2	-5	6.74544e-05	0.068736	0.0149974	9	CCTGCCCCCGCCTCC	CCCCGCCCC	-
CCYVCCYCHRCCYCC	MA1630.3	-5	0.000106724	0.108752	0.0213556	10	CCTGCCCCCGCCTCC	CCCCTCCCCC	-
CCYVCCYCHRCCYCC	MA2681.1	-4	0.000137305	0.139914	0.0249772	11	CCTGCCCCCGCCTCC	GCCCCGCCCCC	-
CCYVCCYCHRCCYCC	MA1653.2	-5	0.000223372	0.227616	0.0372474	10	CCTGCCCCCGCCTCC	CCCCTCCCCC	+
CCYVCCYCHRCCYCC	MA1564.2	-5	0.000244998	0.249653	0.037711	10	CCTGCCCCCGCCTCC	CCACGCCCCC	+
CCYVCCYCHRCCYCC	MA0493.3	-5	0.000392502	0.39996	0.0532911	8	CCTGCCCCCGCCTCC	CCCCGCCC	-
CCYVCCYCHRCCYCC	MA2538.1	-4	0.000418096	0.42604	0.0532911	11	CCTGCCCCCGCCTCC	CCGCCGCCGCCG	+
CCYVCCYCHRCCYCC	MA1959.2	-5	0.0004343	0.442551	0.0532911	8	CCTGCCCCCGCCTCC	CCCCGCCC	-
CCYVCCYCHRCCYCC	MA1513.2	-5	0.000479378	0.488486	0.0532911	8	CCTGCCCCCGCCTCC	CCCCGCCC	+
CCYVCCYCHRCCYCC	MA2341.1	-5	0.000479378	0.488486	0.0532911	8	CCTGCCCCCGCCTCC	CCCAGCCT	+
CCYVCCYCHRCCYCC	MA1512.2	-5	0.000541309	0.551594	0.0561137	10	CCTGCCCCCGCCTCC	CCACGCCCAC	+
CCYVCCYCHRCCYCC	MA2547.1	0	0.00056193	0.572607	0.0561137	11	CCTGCCCCCGCCTCC	CCTGCACCTAC	-
CCYVCCYCHRCCYCC	MA1710.2	-4	0.000588897	0.600086	0.0561137	10	CCTGCCCCCGCCTCC	CCCTTGCCTC	-
CCYVCCYCHRCCYCC	MA0599.1	-4	0.000640035	0.652196	0.0568149	10	CCTGCCCCCGCCTCC	GCCCCGCCCC	+
CCYVCCYCHRCCYCC	MA0741.1	-4	0.000656747	0.669225	0.0568149	11	CCTGCCCCCGCCTCC	GCCACGCCCCC	+
CCYVCCYCHRCCYCC	MA1945.2	2	0.000681435	0.694382	0.0568149	12	CCTGCCCCCGCCTCC	CACCTGCTTCCGCC	-
CCYVCCYCHRCCYCC	MA1721.2	2	0.000827581	0.843305	0.0662399	12	CCTGCCCCCGCCTCC	CCGCTGCCGCTGCC	-
AGATCCCCTGGAACTGGAGT	MA1647.3	-5	0.00079514	0.810247	0.774601	11	AGATCCCCTGGAACTGGAGT	CCTTGAAACTG	+
CTGTAGMCCWGGCTGRCCTB	MA0258.2	-4	0.000142904	0.145619	0.272956	15	CTGTAGCCCAGGCTGGCCTT	AGGTCAGGGTGACCT	-
CTGTAGMCCWGGCTGRCCTB	MA2121.1	-5	0.000267867	0.272956	0.272956	12	CTGTAGCCCAGGCTGGCCTT	GCCCAGGCTGCG	+
YRGAGGTCARAGGWC	MA0504.2	-2	1.91167e-07	0.0001948	0.000339371	13	TAGAGGTCAGAGGTC	GGGGTCAGAGGTCA	+
YRGAGGTCARAGGWC	MA1550.2	-2	3.37169e-07	0.000343575	0.000339371	13	TAGAGGTCAGAGGTC	GGGGTCAAAGGTCA	+
YRGAGGTCARAGGWC	MA0512.2	-2	6.91282e-07	0.000704416	0.000347899	13	TAGAGGTCAGAGGTC	GGGGTCAAAGGTCA	+
YRGAGGTCARAGGWC	MA0856.1	-2	6.91282e-07	0.000704416	0.000347899	13	TAGAGGTCAGAGGTC	GGGGTCAAAGGTCA	+
YRGAGGTCARAGGWC	MA0115.1	-1	8.89489e-07	0.000906389	0.00035812	14	TAGAGGTCAGAGGTC	AAAGGTCAAAGGTCAAC	+
YRGAGGTCARAGGWC	MA0855.1	-2	1.11017e-06	0.00113126	0.000372473	13	TAGAGGTCAGAGGTC	GGGGTCAAAGGTCA	+
YRGAGGTCARAGGWC	MA0677.2	-3	2.17319e-06	0.00221448	0.000546847	12	TAGAGGTCAGAGGTC	AGGTCAAAGGTCA	+
YRGAGGTCARAGGWC	MA1537.2	-3	2.17319e-06	0.00221448	0.000546847	12	TAGAGGTCAGAGGTC	AGGTCAAAGGTCA	+
YRGAGGTCARAGGWC	MA1574.2	-3	5.98032e-06	0.00609395	0.00133764	12	TAGAGGTCAGAGGTC	GGGTCAAAGGTCA	+
YRGAGGTCARAGGWC	MA1148.2	1	9.0094e-06	0.00918058	0.00181365	15	TAGAGGTCAGAGGTC	ATGTAGGTCAAAGGTCA	+
YRGAGGTCARAGGWC	MA0017.3	-1	1.41046e-05	0.0143726	0.00258123	12	TAGAGGTCAGAGGTC	AAAGGTCAAGGG	+
YRGAGGTCARAGGWC	MA1421.1	-1	5.24473e-05	0.0534438	0.00879832	12	TAGAGGTCAGAGGTC	AAAGATCAAAGG	+
YRGAGGTCARAGGWC	MA0065.3	-3	5.96091e-05	0.0607416	0.00923053	12	TAGAGGTCAGAGGTC	AGGGCAAAGGTCA	+
YRGAGGTCARAGGWC	MA1110.3	-3	0.000115561	0.117757	0.0152413	6	TAGAGGTCAGAGGTC	AGGTCA	+
YRGAGGTCARAGGWC	MA1996.2	-3	0.000115561	0.117757	0.0152413	6	TAGAGGTCAGAGGTC	AGGTCA	+
YRGAGGTCARAGGWC	MA1494.2	-2	0.000121139	0.123441	0.0152413	13	TAGAGGTCAGAGGTC	GGGTCCAAAGGTCA	+
YRGAGGTCARAGGWC	MA1991.2	-3	0.000187678	0.191244	0.022224	10	TAGAGGTCAGAGGTC	AGATCAAAGG	-
YRGAGGTCARAGGWC	MA2337.1	-3	0.000270003	0.275133	0.0301963	6	TAGAGGTCAGAGGTC	AGGTCA	+
YRGAGGTCARAGGWC	MA0160.3	-1	0.000430913	0.439101	0.0433728	8	TAGAGGTCAGAGGTC	AAAGGTCA	+
YRGAGGTCARAGGWC	MA1112.3	-1	0.000430913	0.439101	0.0433728	8	TAGAGGTCAGAGGTC	AAAGGTCA	+
YRGAGGTCARAGGWC	MA1536.2	-3	0.000506739	0.516368	0.0485762	6	TAGAGGTCAGAGGTC	AGGTCA	+
YRGAGGTCARAGGWC	MA1535.2	-3	0.000620836	0.632632	0.0568083	6	TAGAGGTCAGAGGTC	AGGTCA	+
YRGAGGTCARAGGWC	MA1539.1	-2	0.000771254	0.785908	0.0675037	13	TAGAGGTCAGAGGTC	AAGGTCAGTGACCTT	-
AGABCAAAGTYCARR	MA0114.5	-4	4.75574e-06	0.0048461	0.00480593	9	AGATCAAAGTTCAGA	CAAAGTCCA	+
AGABCAAAGTYCARR	MA0484.3	-4	4.75574e-06	0.0048461	0.00480593	9	AGATCAAAGTTCAGA	CAAAGTCCA	+
AGABCAAAGTYCARR	MA1537.2	0	3.73804e-05	0.0380907	0.0158562	13	AGATCAAAGTTCAGA	AGGTCAAAGGTCA	+
AGABCAAAGTYCARR	MA1534.2	-5	3.78939e-05	0.0386139	0.0158562	8	AGATCAAAGTTCAGA	AAAGTTCA	-
AGABCAAAGTYCARR	MA0677.2	0	4.03661e-05	0.041133	0.0158562	13	AGATCAAAGTTCAGA	AGGTCAAAGGTCA	+
AGABCAAAGTYCARR	MA0065.3	0	4.70719e-05	0.0479663	0.0158562	13	AGATCAAAGTTCAGA	AGGGCAAAGGTCA	+
AGABCAAAGTYCARR	MA1574.2	0	0.000102973	0.104929	0.0297313	13	AGATCAAAGTTCAGA	GGGTCAAAGGTCA	+
AGABCAAAGTYCARR	MA1550.2	1	0.0001369	0.139501	0.0345861	13	AGATCAAAGTTCAGA	GGGGTCAAAGGTCA	+
AGABCAAAGTYCARR	MA1148.2	4	0.000160473	0.163522	0.0354936	13	AGATCAAAGTTCAGA	ATGTAGGTCAAAGGTCA	+
AGABCAAAGTYCARR	MA0512.2	1	0.000208127	0.212081	0.0354936	13	AGATCAAAGTTCAGA	GGGGTCAAAGGTCA	+
AGABCAAAGTYCARR	MA0856.1	1	0.000208127	0.212081	0.0354936	13	AGATCAAAGTTCAGA	GGGGTCAAAGGTCA	+
AGABCAAAGTYCARR	MA0115.1	2	0.000210737	0.214741	0.0354936	15	AGATCAAAGTTCAGA	AAAGGTCAAAGGTCAAC	+
AGABCAAAGTYCARR	MA0504.2	1	0.000315308	0.321298	0.0490208	13	AGATCAAAGTTCAGA	GGGGTCAGAGGTCA	+
AGABCAAAGTYCARR	MA1991.2	0	0.000343183	0.349703	0.0495434	10	AGATCAAAGTTCAGA	AGATCAAAGG	-
AGABCAAAGTYCARR	MA0855.1	1	0.000386754	0.394102	0.0504763	13	AGATCAAAGTTCAGA	GGGGTCAAAGGTCA	+
AGABCAAAGTYCARR	MA1112.3	-5	0.000399594	0.407186	0.0504763	8	AGATCAAAGTTCAGA	AAAGGTCA	+
AGABCAAAGTYCARR	MA0523.2	0	0.000449705	0.458249	0.0534648	9	AGATCAAAGTTCAGA	AGATCAAAG	+
AGABCAAAGTYCARR	MA0160.3	-5	0.000508421	0.518081	0.0567625	8	AGATCAAAGTTCAGA	AAAGGTCA	+
AGABCAAAGTYCARR	MA0769.3	-2	0.000533612	0.543751	0.0567625	7	AGATCAAAGTTCAGA	ATCAAAG	-
RCATGCCTKTAATCCCAGC	MA2597.1	-9	6.62857e-06	0.00675452	0.0134836	8	GCATGCCTTTAATCCCAGC	TAATCCCA	-
RCATGCCTKTAATCCCAGC	MA0648.2	-9	5.24404e-05	0.0534368	0.0266682	6	GCATGCCTTTAATCCCAGC	TAATCC	+
RCATGCCTKTAATCCCAGC	MA0682.3	-9	5.24404e-05	0.0534368	0.0266682	6	GCATGCCTTTAATCCCAGC	TAATCC	+
RCATGCCTKTAATCCCAGC	MA0467.3	-9	5.24404e-05	0.0534368	0.0266682	6	GCATGCCTTTAATCCCAGC	TAATCC	-
RCATGCCTKTAATCCCAGC	MA0714.2	-9	0.000133035	0.135562	0.0451026	6	GCATGCCTTTAATCCCAGC	TAATCC	+
RCATGCCTKTAATCCCAGC	MA0891.2	-9	0.000133035	0.135562	0.0451026	6	GCATGCCTTTAATCCCAGC	TAATCC	+
RCATGCCTKTAATCCCAGC	MA0712.3	-9	0.000201094	0.204915	0.0584371	7	GCATGCCTTTAATCCCAGC	TAATCCC	-
RCATGCCTKTAATCCCAGC	MA0711.2	-9	0.000241253	0.245837	0.0613437	6	GCATGCCTTTAATCCCAGC	TAATCC	+
RCATGCCTKTAATCCCAGC	MA1547.2	-8	0.000397309	0.404858	0.0897994	8	GCATGCCTTTAATCCCAGC	TTAATCCC	+
RCATGCCTKTAATCCCAGC	MA2125.1	-11	0.00046684	0.475709	0.0949631	8	GCATGCCTTTAATCCCAGC	ATCCCAGCC	+

# Tomtom (Motif Comparison Tool): Version 5.4.1 compiled on Jan 24 2022 at 13:05:33
# The format of this file is described at https://meme-suite.org/meme/doc/tomtom-output-format.html.
# tomtom -verbosity 1 -oc /ocean/projects/bio230007p/sujathab/Motif_analysis/output/meme_chip_mouse_enhancer/meme_tomtom_out -min-overlap 5 -dist pearson -evalue -thresh 1 -no-ssc /ocean/projects/bio230007p/sujathab/Motif_analysis/output/meme_chip_mouse_enhancer/meme_out/meme.xml /ocean/projects/bio230007p/sujathab/motif_dbs/JASPAR2026_vertebrates_combined.meme
