motif_id	motif_alt_id	sequence_name	start	stop	strand	score	p-value	q-value	matched_sequence
6-AAGATGGCGGCSSB	STREME-6	chrX	20662921	20662934	-	20.9	1.04e-08	0.00346	AAGATGGCGGCGGC
6-AAGATGGCGGCSSB	STREME-6	chr1	36445222	36445235	-	20.9	1.04e-08	0.00346	AAGATGGCGGCGGC
6-AAGATGGCGGCSSB	STREME-6	chr5	44226787	44226800	-	20.9	1.04e-08	0.00346	AAGATGGCGGCGGC
6-AAGATGGCGGCSSB	STREME-6	chr11	50292308	50292321	-	20.9	1.04e-08	0.00346	AAGATGGCGGCGGC
6-AAGATGGCGGCSSB	STREME-6	chr12	65073911	65073924	-	20.9	1.04e-08	0.00346	AAGATGGCGGCGGC
6-AAGATGGCGGCSSB	STREME-6	chr11	70410001	70410014	-	20.9	1.04e-08	0.00346	AAGATGGCGGCGGC
6-AAGATGGCGGCSSB	STREME-6	chr4	70410414	70410427	-	20.9	1.04e-08	0.00346	AAGATGGCGGCGGC
6-AAGATGGCGGCSSB	STREME-6	chrX	75514335	75514348	+	20.9	1.04e-08	0.00346	AAGATGGCGGCGGC
6-AAGATGGCGGCSSB	STREME-6	chr10	80755228	80755241	+	20.9	1.04e-08	0.00346	AAGATGGCGGCGGC
6-AAGATGGCGGCSSB	STREME-6	chr6	83914607	83914620	+	20.9	1.04e-08	0.00346	AAGATGGCGGCGGC
6-AAGATGGCGGCSSB	STREME-6	chr8	84840620	84840633	-	20.9	1.04e-08	0.00346	AAGATGGCGGCGGC
6-AAGATGGCGGCSSB	STREME-6	chr2	105904477	105904490	-	20.9	1.04e-08	0.00346	AAGATGGCGGCGGC
6-AAGATGGCGGCSSB	STREME-6	chr4	143212688	143212701	-	20.9	1.04e-08	0.00346	AAGATGGCGGCGGC
6-AAGATGGCGGCSSB	STREME-6	chr4	149586467	149586480	-	20.9	1.04e-08	0.00346	AAGATGGCGGCGGC
6-AAGATGGCGGCSSB	STREME-6	chr2	153161553	153161566	+	20.9	1.04e-08	0.00346	AAGATGGCGGCGGC
6-AAGATGGCGGCSSB	STREME-6	chr1	171287905	171287918	-	20.9	1.04e-08	0.00346	AAGATGGCGGCGGC
6-AAGATGGCGGCSSB	STREME-6	chr17	24696056	24696069	-	20.375	2.74e-08	0.00632	AAGATGGCGGCGCC
6-AAGATGGCGGCSSB	STREME-6	chr2	28641253	28641266	+	20.375	2.74e-08	0.00632	AAGATGGCGGCGCC
6-AAGATGGCGGCSSB	STREME-6	chr16	70314149	70314162	+	20.375	2.74e-08	0.00632	AAGATGGCGGCGCC
6-AAGATGGCGGCSSB	STREME-6	chr15	79328361	79328374	-	20.375	2.74e-08	0.00632	AAGATGGCGGCGCC
6-AAGATGGCGGCSSB	STREME-6	chr10	79960159	79960172	+	20.375	2.74e-08	0.00632	AAGATGGCGGCGCC
6-AAGATGGCGGCSSB	STREME-6	chr4	116075405	116075418	+	20.375	2.74e-08	0.00632	AAGATGGCGGCGCC
6-AAGATGGCGGCSSB	STREME-6	chr11	116138766	116138779	-	20.375	2.74e-08	0.00632	AAGATGGCGGCGCC
6-AAGATGGCGGCSSB	STREME-6	chr7	19076266	19076279	+	20.1875	3.78e-08	0.00713	AAGATggcggcggg
6-AAGATGGCGGCSSB	STREME-6	chr13	75707647	75707660	+	20.1875	3.78e-08	0.00713	AAGATGGCGGCGGG
6-AAGATGGCGGCSSB	STREME-6	chr10	80656474	80656487	-	20.1875	3.78e-08	0.00713	AAGATGGCGGCGGG
6-AAGATGGCGGCSSB	STREME-6	chrX	142966702	142966715	-	20.1875	3.78e-08	0.00713	AAGATGGCGGCGGG
6-AAGATGGCGGCSSB	STREME-6	chrX	151520686	151520699	+	20.1875	3.78e-08	0.00713	AAGATGGCGGCGGG
6-AAGATGGCGGCSSB	STREME-6	chr19	5295383	5295396	-	20.15	4.43e-08	0.00713	AAGATGGCGGCGGA
6-AAGATGGCGGCSSB	STREME-6	chr19	7206248	7206261	-	20.15	4.43e-08	0.00713	AAGATGGCGGCGGA
6-AAGATGGCGGCSSB	STREME-6	chr9	55937968	55937981	-	20.15	4.43e-08	0.00713	AAGATGGCGGCGGA
6-AAGATGGCGGCSSB	STREME-6	chr10	127121107	127121120	-	20.15	4.43e-08	0.00713	AAGATGGCGGCGGA
6-AAGATGGCGGCSSB	STREME-6	chr6	135011638	135011651	+	20.15	4.43e-08	0.00713	AAGATGGCGGCGGA
6-AAGATGGCGGCSSB	STREME-6	chr6	35177628	35177641	+	20.0625	5.08e-08	0.0075	AAGATGGCGGCGCT
6-AAGATGGCGGCSSB	STREME-6	chr6	39725284	39725297	-	20.0625	5.08e-08	0.0075	AAGATGGCGGCGCT
6-AAGATGGCGGCSSB	STREME-6	chr18	69344399	69344412	-	20.0625	5.08e-08	0.0075	AAGATGGCGGCGCT
6-AAGATGGCGGCSSB	STREME-6	chr17	24169438	24169451	+	20.0375	6.12e-08	0.0078	AAGATGGCGGCCGC
6-AAGATGGCGGCSSB	STREME-6	chr17	34031816	34031829	+	20.0375	6.12e-08	0.0078	AAGATGGCGGCCGC
6-AAGATGGCGGCSSB	STREME-6	chr11	70525393	70525406	+	20.0375	6.12e-08	0.0078	AAGATGGCGGCCGC
6-AAGATGGCGGCSSB	STREME-6	chr6	119175289	119175302	+	20.0375	6.12e-08	0.0078	AAGATGGCGGCCGC
6-AAGATGGCGGCSSB	STREME-6	chr11	4160377	4160390	-	20.025	6.77e-08	0.0078	AAGATGGCGGCGAC
6-AAGATGGCGGCSSB	STREME-6	chr18	74216234	74216247	+	20.025	6.77e-08	0.0078	AAGATGGCGGCGAC
6-AAGATGGCGGCSSB	STREME-6	chr8	94838418	94838431	+	20.025	6.77e-08	0.0078	AAGATGGCGGCGAC
6-AAGATGGCGGCSSB	STREME-6	chr2	164879612	164879625	-	20.025	6.77e-08	0.0078	AAGATGGCGGCGAC
6-AAGATGGCGGCSSB	STREME-6	chr2	30286435	30286448	+	19.875	7.42e-08	0.0078	AAGATGGCGGCTGC
6-AAGATGGCGGCSSB	STREME-6	chr17	74528548	74528561	+	19.875	7.42e-08	0.0078	AAGATGGCGGCTGC
6-AAGATGGCGGCSSB	STREME-6	chr12	87443804	87443817	-	19.875	7.42e-08	0.0078	AAGATGGCGGCTGC
6-AAGATGGCGGCSSB	STREME-6	chr9	110656559	110656572	+	19.875	7.42e-08	0.0078	AAGATGGCGGCTGC
6-AAGATGGCGGCSSB	STREME-6	chr7	128238123	128238136	+	19.875	7.42e-08	0.0078	AAGATGGCGGCTGC
6-AAGATGGCGGCSSB	STREME-6	chr16	17891666	17891679	+	19.725	8.07e-08	0.0078	AAGATGGCGGCCGT
6-AAGATGGCGGCSSB	STREME-6	chr8	22859554	22859567	+	19.725	8.07e-08	0.0078	AAGATGGCGGCCGT
6-AAGATGGCGGCSSB	STREME-6	chr8	74993696	74993709	+	19.725	8.07e-08	0.0078	AAGATGGCGGCCGT
6-AAGATGGCGGCSSB	STREME-6	chr11	85234798	85234811	-	19.725	8.07e-08	0.0078	AAGATGGCGGCCGT
6-AAGATGGCGGCSSB	STREME-6	chr9	114688878	114688891	+	19.725	8.07e-08	0.0078	AAGATGGCGGCCGT
6-AAGATGGCGGCSSB	STREME-6	chr3	152210503	152210516	-	19.725	8.07e-08	0.0078	AAGATGGCGGCCGT
6-AAGATGGCGGCSSB	STREME-6	chr17	47368903	47368916	+	19.6625	9.52e-08	0.00845	AAGATGGCGGCGCG
6-AAGATGGCGGCSSB	STREME-6	chr11	74770862	74770875	+	19.6625	9.52e-08	0.00845	AAGATGGCGGCGCG
6-AAGATGGCGGCSSB	STREME-6	chr5	129725141	129725154	+	19.6625	9.52e-08	0.00845	AAGATGGCGGCGCG
6-AAGATGGCGGCSSB	STREME-6	chr16	8738911	8738924	+	19.65	1.02e-07	0.00845	AAAATGGCGGCGGC
6-AAGATGGCGGCSSB	STREME-6	chr11	23306597	23306610	+	19.65	1.02e-07	0.00845	AAAATggcggcggc
6-AAGATGGCGGCSSB	STREME-6	chr15	79546551	79546564	+	19.65	1.02e-07	0.00845	AAAATGGCGGCGGC
6-AAGATGGCGGCSSB	STREME-6	chr11	103132847	103132860	+	19.65	1.02e-07	0.00845	AAAATggcggcggc
6-AAGATGGCGGCSSB	STREME-6	chr19	53600389	53600402	-	19.65	1.02e-07	0.00845	AAAATGGCGGCGGC
6-AAGATGGCGGCSSB	STREME-6	chr13	118387223	118387236	-	19.65	1.02e-07	0.00845	AAAATGGCGGCGGC
6-AAGATGGCGGCSSB	STREME-6	chr15	80133152	80133165	+	19.625	1.08e-07	0.00865	AAGATGGCGGCGCA
6-AAGATGGCGGCSSB	STREME-6	chr16	93832306	93832319	+	19.625	1.08e-07	0.00865	AAGATGGCGGCGCA
6-AAGATGGCGGCSSB	STREME-6	chr13	96542757	96542770	+	19.5625	1.12e-07	0.00865	AAGATGGCGGCTGT
6-AAGATGGCGGCSSB	STREME-6	chr1	191063035	191063048	+	19.5625	1.12e-07	0.00865	AAGATGGCGGCTGT
6-AAGATGGCGGCSSB	STREME-6	chr2	38643891	38643904	-	19.5625	1.12e-07	0.00865	AAGATGGCGGCTGT
6-AAGATGGCGGCSSB	STREME-6	chr9	108936715	108936728	+	19.5375	1.19e-07	0.00902	AAGATGGCGGCGTC
6-AAGATGGCGGCSSB	STREME-6	chr16	35022336	35022349	+	19.5125	1.29e-07	0.00954	AAGATGGCGGCCCC
6-AAGATGGCGGCSSB	STREME-6	chr11	120673065	120673078	+	19.5125	1.29e-07	0.00954	AAGATggcggcccc
6-AAGATGGCGGCSSB	STREME-6	chr12	101083234	101083247	-	19.425	1.4e-07	0.00964	AACATGGCGGCGGC
6-AAGATGGCGGCSSB	STREME-6	chr2	103795996	103796009	-	19.425	1.4e-07	0.00964	AACATGGCGGCGGC
6-AAGATGGCGGCSSB	STREME-6	chr5	115011348	115011361	-	19.425	1.4e-07	0.00964	AACATGGCGGCGGC
6-AAGATGGCGGCSSB	STREME-6	chr4	120825386	120825399	+	19.425	1.4e-07	0.00964	AACATGGCGGCGGC
6-AAGATGGCGGCSSB	STREME-6	chr6	120836229	120836242	+	19.425	1.4e-07	0.00964	AACATGGCGGCGGC
6-AAGATGGCGGCSSB	STREME-6	chr16	28929646	28929659	-	19.35	1.46e-07	0.00971	AAGATGGCGGCTCC
6-AAGATGGCGGCSSB	STREME-6	chr14	55015573	55015586	+	19.35	1.46e-07	0.00971	AAGATGGCGGCTCC
6-AAGATGGCGGCSSB	STREME-6	chr4	141148014	141148027	+	19.35	1.46e-07	0.00971	AAGATGGCGGCTCC
6-AAGATGGCGGCSSB	STREME-6	chr5	41708129	41708142	-	19.325	1.61e-07	0.0104	AAGATGGCGGCCGG
6-AAGATGGCGGCSSB	STREME-6	chr9	119322480	119322493	-	19.325	1.61e-07	0.0104	AAGATGGCGGCCGG
6-AAGATGGCGGCSSB	STREME-6	chr6	86404292	86404305	-	19.3125	1.67e-07	0.0107	AAGATGGCGGCGAG
6-AAGATGGCGGCSSB	STREME-6	chr17	46111014	46111027	+	19.2	1.88e-07	0.0119	AAGATGGCGGCCCT
6-AAGATGGCGGCSSB	STREME-6	chr1	121327724	121327737	-	19.1875	1.95e-07	0.0122	AAGATGGCGGAGGC
6-AAGATGGCGGCSSB	STREME-6	chr6	31398853	31398866	+	19.1625	2.08e-07	0.0125	AAGATGGCGGCTGG
6-AAGATGGCGGCSSB	STREME-6	chr12	51377596	51377609	+	19.1625	2.08e-07	0.0125	AAGATGGCGGCCAC
6-AAGATGGCGGCSSB	STREME-6	chr12	101975992	101976005	+	19.1625	2.08e-07	0.0125	AAGATGGCGGCCAC
6-AAGATGGCGGCSSB	STREME-6	chr5	120116520	120116533	+	19.125	2.18e-07	0.013	AAAATGGCGGCGCC
6-AAGATGGCGGCSSB	STREME-6	chr15	82147266	82147279	+	19.1125	2.25e-07	0.0133	AACATGGCGGCGGT
6-AAGATGGCGGCSSB	STREME-6	chr15	5143892	5143905	+	19.0625	2.31e-07	0.0133	AAGATGGCGACGGC
6-AAGATGGCGGCSSB	STREME-6	chr15	76080862	76080875	-	19.0625	2.31e-07	0.0133	AAGATGGCGACGGC
6-AAGATGGCGGCSSB	STREME-6	chr6	4601165	4601178	+	19.0375	2.35e-07	0.0133	AAGATGGCGGCTCT
6-AAGATGGCGGCSSB	STREME-6	chr5	73656719	73656732	+	19.0375	2.35e-07	0.0133	AAGATGGCGGCTCT
6-AAGATGGCGGCSSB	STREME-6	chr6	30390991	30391004	-	19	2.4e-07	0.0133	AAGATGGCGGCTAC
6-AAGATGGCGGCSSB	STREME-6	chr11	100619593	100619606	-	19	2.4e-07	0.0133	AAGATGGCGGCTAC
6-AAGATGGCGGCSSB	STREME-6	chr2	71453355	71453368	+	18.9	2.61e-07	0.014	AACATGGCGGCGCC
6-AAGATGGCGGCSSB	STREME-6	chr6	94500342	94500355	+	18.9	2.61e-07	0.014	AACATGGCGGCGCC
6-AAGATGGCGGCSSB	STREME-6	chr9	123366946	123366959	+	18.9	2.61e-07	0.014	AACATGGCGGCGCC
6-AAGATGGCGGCSSB	STREME-6	chr3	40540783	40540796	+	18.8125	2.79e-07	0.0148	AAAATGGCGGCGCT
6-AAGATGGCGGCSSB	STREME-6	chr15	99702318	99702331	+	18.8	2.9e-07	0.0151	AAGATGGCGGCCCG
6-AAGATGGCGGCSSB	STREME-6	chr4	116075359	116075372	+	18.8	2.9e-07	0.0151	AAGATGGCGGCCCG
6-AAGATGGCGGCSSB	STREME-6	chr18	64516611	64516624	-	18.7875	3e-07	0.0155	AAAATGGCGGCCGC
6-AAGATGGCGGCSSB	STREME-6	chr4	140961401	140961414	+	18.775	3.04e-07	0.0155	AAAATGGCGGCGAC
6-AAGATGGCGGCSSB	STREME-6	chr2	25574828	25574841	-	18.675	3.41e-07	0.0171	AACATGGCGGCGGA
6-AAGATGGCGGCSSB	STREME-6	chr7	28312021	28312034	-	18.675	3.41e-07	0.0171	AAGATGGCGGCCTC
6-AAGATGGCGGCSSB	STREME-6	chr4	119195507	119195520	-	18.6375	3.54e-07	0.0176	AAGATGGCGGCTCG
6-AAGATGGCGGCSSB	STREME-6	chrX	161162772	161162785	+	18.625	3.58e-07	0.0176	AAAATGGCGGCTGC
6-AAGATGGCGGCSSB	STREME-6	chr1	135430419	135430432	-	18.6125	3.64e-07	0.0178	AAGATGGCGGCAGC
6-AAGATGGCGGCSSB	STREME-6	chr12	4477128	4477141	-	18.5625	3.85e-07	0.0184	AACATGGCGGCCGC
6-AAGATGGCGGCSSB	STREME-6	chr18	35562464	35562477	-	18.5625	3.85e-07	0.0184	AACATGGCGGCCGC
6-AAGATGGCGGCSSB	STREME-6	chr9	78448226	78448239	+	18.5375	3.98e-07	0.0189	AAGATGGCGACGCC
6-AAGATGGCGGCSSB	STREME-6	chr6	71823747	71823760	-	18.5125	4.02e-07	0.0189	AAGATGGCGGCTTC
6-AAGATGGCGGCSSB	STREME-6	chr7	45128703	45128716	-	18.475	4.13e-07	0.0189	AAGATGGCGGAGGG
6-AAGATGGCGGCSSB	STREME-6	chr11	43682089	43682102	+	18.475	4.13e-07	0.0189	AAAATGGCGGCCGT
6-AAGATGGCGGCSSB	STREME-6	chr11	74925912	74925925	+	18.475	4.13e-07	0.0189	AAGATGGCGGAGGG
6-AAGATGGCGGCSSB	STREME-6	chr9	108002630	108002643	-	18.45	4.22e-07	0.0192	AAGATGGCGGCCAG
6-AAGATGGCGGCSSB	STREME-6	chr6	85069379	85069392	-	18.4375	4.33e-07	0.0192	AAGATGGCGGAGGA
6-AAGATGGCGGCSSB	STREME-6	chr2	167421748	167421761	+	18.4375	4.33e-07	0.0192	AAGATGGCGGAGGA
6-AAGATGGCGGCSSB	STREME-6	chr1	178406099	178406112	+	18.4375	4.33e-07	0.0192	AAGATGGCGGAGGA
6-AAGATGGCGGCSSB	STREME-6	chr1	179959844	179959857	-	18.4125	4.43e-07	0.0195	AAAATGGCGGCGCG
6-AAGATGGCGGCSSB	STREME-6	chr12	13249108	13249121	-	18.3625	4.58e-07	0.0196	AAGATGGCGGCCTT
6-AAGATGGCGGCSSB	STREME-6	chr6	34029453	34029466	+	18.3625	4.58e-07	0.0196	AAGATGGCGGCCTT
6-AAGATGGCGGCSSB	STREME-6	chr2	101886265	101886278	+	18.3625	4.58e-07	0.0196	AAGATGGCGGCCTT
6-AAGATGGCGGCSSB	STREME-6	chr14	54686595	54686608	-	18.35	4.68e-07	0.0199	AAGATGGCGGAGCT
6-AAGATGGCGGCSSB	STREME-6	chr10	79854614	79854627	-	18.3125	4.86e-07	0.0205	AAGATGGCGGAGAC
6-AAGATGGCGGCSSB	STREME-6	chr2	115581611	115581624	+	18.2875	4.98e-07	0.0208	AAGATGGCGGCTAG
6-AAGATGGCGGCSSB	STREME-6	chr11	97315870	97315883	+	18.2625	5.04e-07	0.0209	AAAATGGCGGCCCC
6-AAGATGGCGGCSSB	STREME-6	chr11	62457293	62457306	-	18.25	5.2e-07	0.0214	AAGATGGCGGCTAA
6-AAGATGGCGGCSSB	STREME-6	chrX	101274257	101274270	+	18.2	5.37e-07	0.0219	AAGATGGCGGCTTT
6-AAGATGGCGGCSSB	STREME-6	chrX	75096108	75096121	+	18.1625	5.66e-07	0.023	AAGATGGCGGATGC
6-AAGATGGCGGCSSB	STREME-6	chr18	67612430	67612443	-	18.125	5.76e-07	0.0232	AAGATGGCGTCGGT
6-AAGATGGCGGCSSB	STREME-6	chr8	109778876	109778889	-	18.1	5.8e-07	0.0232	AAAATGGCGGCTCC
6-AAGATGGCGGCSSB	STREME-6	chr11	102185195	102185208	-	18.0875	5.91e-07	0.0234	AAGATGGCGGCACC
6-AAGATGGCGGCSSB	STREME-6	chr11	101278916	101278929	-	18.0375	6.33e-07	0.0239	AACATGGCGGCCCC
6-AAGATGGCGGCSSB	STREME-6	chr5	146833153	146833166	-	18.0375	6.33e-07	0.0239	AAGATGGCTGCGGC
6-AAGATGGCGGCSSB	STREME-6	chr12	13269147	13269160	+	18.0375	6.33e-07	0.0239	AACATGGCGGCCCC
6-AAGATGGCGGCSSB	STREME-6	chr1	93803999	93804012	+	18.0375	6.33e-07	0.0239	AAGATGGCGACTGC
6-AAGATGGCGGCSSB	STREME-6	chr11	104442262	104442275	+	18.0375	6.33e-07	0.0239	AAAATGGCGGCCGA
6-AAGATGGCGGCSSB	STREME-6	chr3	152714131	152714144	+	18.0375	6.33e-07	0.0239	AACATGGCGGCCCC
6-AAGATGGCGGCSSB	STREME-6	chr2	168207109	168207122	+	18.0375	6.33e-07	0.0239	AAAATGGCGGCCGA
6-AAGATGGCGGCSSB	STREME-6	chr1	143702613	143702626	-	18.0125	6.4e-07	0.0239	AAGATGGCGGACGT
6-AAGATGGCGGCSSB	STREME-6	chr8	41239766	41239779	+	17.975	6.51e-07	0.0239	AAGATGGCGGTGGC
6-AAGATGGCGGCSSB	STREME-6	chr17	45506850	45506863	+	17.975	6.51e-07	0.0239	AAGATGGCGGTGGC
6-AAGATGGCGGCSSB	STREME-6	chrX	152233253	152233266	+	17.975	6.51e-07	0.0239	AAGATGGCGGTGGC
6-AAGATGGCGGCSSB	STREME-6	chr11	59163680	59163693	-	17.9375	6.87e-07	0.025	AAGATGGCAGCGGT
6-AAGATGGCGGCSSB	STREME-6	chr7	134670714	134670727	+	17.925	6.91e-07	0.025	AAGATGGCGGCCTA
6-AAGATGGCGGCSSB	STREME-6	chr11	76763539	76763552	-	17.9	7.16e-07	0.0257	AAGATGGCGGCAGG
6-AAGATGGCGGCSSB	STREME-6	chr8	84689291	84689304	+	17.875	7.32e-07	0.0257	AACATGGCGGCTCC
6-AAGATGGCGGCSSB	STREME-6	chr1	86525506	86525519	-	17.8625	7.36e-07	0.0257	AAGATGGCGGCAGA
6-AAGATGGCGGCSSB	STREME-6	chr6	33249149	33249162	+	17.8625	7.36e-07	0.0257	AAGATGGCGGCAGA
6-AAGATGGCGGCSSB	STREME-6	chr11	72796035	72796048	+	17.8625	7.36e-07	0.0257	AAGATGGCGGCAGA
6-AAGATGGCGGCSSB	STREME-6	chr16	84835050	84835063	-	17.825	7.72e-07	0.0265	AAGATGGCGGAGTC
6-AAGATGGCGGCSSB	STREME-6	chr8	109705624	109705637	-	17.825	7.72e-07	0.0265	AAGATGGCGACGCG
6-AAGATGGCGGCSSB	STREME-6	chr5	34187162	34187175	+	17.825	7.72e-07	0.0265	AAGATGGCGACGCG
6-AAGATGGCGGCSSB	STREME-6	chr19	4756595	4756608	-	17.8125	7.83e-07	0.0265	AAAATGGCGACGGC
6-AAGATGGCGGCSSB	STREME-6	chr11	61579669	61579682	+	17.8125	7.83e-07	0.0265	AACATGGCGGCCGA
6-AAGATGGCGGCSSB	STREME-6	chr17	29717086	29717099	-	17.7875	8.04e-07	0.027	AAGATGGCGACGCA
6-AAGATGGCGGCSSB	STREME-6	chr14	70443435	70443448	-	17.725	8.48e-07	0.0283	AAGATGGCAGCGCC
6-AAGATGGCGGCSSB	STREME-6	chr2	25211198	25211211	+	17.7125	8.54e-07	0.0283	AACATGGCGGAGGC
6-AAGATGGCGGCSSB	STREME-6	chr3	90254402	90254415	+	17.7	8.58e-07	0.0283	aagatggcgacgtc
6-AAGATGGCGGCSSB	STREME-6	chr4	120405399	120405412	+	17.6875	8.75e-07	0.0287	AACATGGCGGCTGG
6-AAGATGGCGGCSSB	STREME-6	chr14	8172921	8172934	-	17.6625	8.86e-07	0.0289	AAGATGGCGGTGGT
6-AAGATGGCGGCSSB	STREME-6	chr16	91931544	91931557	-	17.6375	9.04e-07	0.0289	AAGATGGCCGCGCC
6-AAGATGGCGGCSSB	STREME-6	chr12	111574506	111574519	-	17.6375	9.04e-07	0.0289	AAGATGGCCGCGCC
6-AAGATGGCGGCSSB	STREME-6	chr9	35267886	35267899	+	17.6375	9.04e-07	0.0289	AAGATGGCCGCGCC
6-AAGATGGCGGCSSB	STREME-6	chr3	88716857	88716870	-	17.625	9.13e-07	0.0289	AAGATGGCGCCGGT
6-AAGATGGCGGCSSB	STREME-6	chr10	111009989	111010002	-	17.6125	9.2e-07	0.0289	AAGATGGCGGACGG
6-AAGATGGCGGCSSB	STREME-6	chr10	117376887	117376900	-	17.6125	9.2e-07	0.0289	AAGATGGCGGACGG
6-AAGATGGCGGCSSB	STREME-6	chr4	34882908	34882921	-	17.575	9.52e-07	0.0292	AAGATGGCGGACGA
6-AAGATGGCGGCSSB	STREME-6	chr3	94582538	94582551	-	17.575	9.52e-07	0.0292	AAGATGGCGGACGA
6-AAGATGGCGGCSSB	STREME-6	chr2	120970591	120970604	-	17.575	9.52e-07	0.0292	AAGATGGCGGACGA
6-AAGATGGCGGCSSB	STREME-6	chr1	171294745	171294758	-	17.575	9.52e-07	0.0292	AAGATGGCGGACGA
6-AAGATGGCGGCSSB	STREME-6	chr11	53324697	53324710	+	17.5125	9.99e-07	0.0305	AAGATGGCGACTCC
6-AAGATGGCGGCSSB	STREME-6	chr4	139380683	139380696	+	17.475	1.02e-06	0.031	AAGATGGCGACGAG
6-AAGATGGCGGCSSB	STREME-6	chr11	60777547	60777560	+	17.45	1.05e-06	0.0315	AAGATGGCGGTGCC
6-AAGATGGCGGCSSB	STREME-6	chr4	155086348	155086361	+	17.45	1.05e-06	0.0315	AAGATGGCCGCGGG
6-AAGATGGCGGCSSB	STREME-6	chr14	54894222	54894235	-	17.4125	1.09e-06	0.0318	AAGATGGCGCCGCC
6-AAGATGGCGGCSSB	STREME-6	chr3	108840457	108840470	-	17.4125	1.09e-06	0.0318	AAGATGGCGCCGCC
6-AAGATGGCGGCSSB	STREME-6	chr5	31179916	31179929	+	17.4125	1.09e-06	0.0318	AAGATGGCGCCGCC
6-AAGATGGCGGCSSB	STREME-6	chr11	75733167	75733180	+	17.4125	1.09e-06	0.0318	AAAATGGCGGAGCC
6-AAGATGGCGGCSSB	STREME-6	chr8	86745596	86745609	-	17.4	1.1e-06	0.0318	AACATGGCGGAGGT
6-AAGATGGCGGCSSB	STREME-6	chr4	103119497	103119510	+	17.4	1.1e-06	0.0318	AACATGGCGGAGGT
6-AAGATGGCGGCSSB	STREME-6	chr3	40800250	40800263	+	17.35	1.14e-06	0.0329	AACATGGCGGCGTG
6-AAGATGGCGGCSSB	STREME-6	chr2	91202823	91202836	+	17.35	1.14e-06	0.0329	AAGATGGCGAAGGC
6-AAGATGGCGGCSSB	STREME-6	chr6	17637118	17637131	+	17.325	1.18e-06	0.0338	AAGATGGCGGATCT
6-AAGATGGCGGCSSB	STREME-6	chr7	5038401	5038414	-	17.3	1.2e-06	0.0338	AAGATGGCCGCCGC
6-AAGATGGCGGCSSB	STREME-6	chr7	111082738	111082751	-	17.3	1.2e-06	0.0338	AAGATGGCCGCCGC
6-AAGATGGCGGCSSB	STREME-6	chr14	20703070	20703083	+	17.2875	1.22e-06	0.0343	AAAATGGCGACGCC
6-AAGATGGCGGCSSB	STREME-6	chr13	48870754	48870767	-	17.275	1.23e-06	0.0343	AACATGGCGACGGT
6-AAGATGGCGGCSSB	STREME-6	chr4	132535582	132535595	+	17.2625	1.24e-06	0.0345	AAAATGGCGGCTTC
6-AAGATGGCGGCSSB	STREME-6	chr5	146794665	146794678	-	17.225	1.27e-06	0.0346	AAGATGGCGCCGGG
6-AAGATGGCGGCSSB	STREME-6	chr17	20945502	20945515	+	17.225	1.27e-06	0.0346	AAGATGGCAGCTGC
6-AAGATGGCGGCSSB	STREME-6	chr14	57798279	57798292	+	17.225	1.27e-06	0.0346	AAGATGGCGGTGGA
6-AAGATGGCGGCSSB	STREME-6	chr3	97767997	97768010	+	17.225	1.27e-06	0.0346	AAGATGGCGCCGGG
6-AAGATGGCGGCSSB	STREME-6	chr14	31206766	31206779	-	17.2	1.3e-06	0.035	AAGATGGCGTCGCG
6-AAGATGGCGGCSSB	STREME-6	chr15	102073947	102073960	+	17.2	1.3e-06	0.035	AACATGGCGGCCTC
6-AAGATGGCGGCSSB	STREME-6	chr5	136566905	136566918	-	17.1875	1.32e-06	0.0351	AAGATGGCGCCGGA
6-AAGATGGCGGCSSB	STREME-6	chr13	100103833	100103846	+	17.1875	1.32e-06	0.0351	AACATGGCGGAGCC
6-AAGATGGCGGCSSB	STREME-6	chr19	44555390	44555403	-	17.175	1.32e-06	0.0351	AAGATGGCTGCCGC
6-AAGATGGCGGCSSB	STREME-6	chr7	45124300	45124313	-	17.1375	1.36e-06	0.0355	AAGATGGCGGACAT
6-AAGATGGCGGCSSB	STREME-6	chr11	61930186	61930199	-	17.1375	1.36e-06	0.0355	AACATGGCGGCAGC
6-AAGATGGCGGCSSB	STREME-6	chr11	4594770	4594783	+	17.1375	1.36e-06	0.0355	AACATGGCGGCAGC
6-AAGATGGCGGCSSB	STREME-6	chrX	56455787	56455800	+	17.1375	1.36e-06	0.0355	AAGATGGCGGACAT
6-AAGATGGCGGCSSB	STREME-6	chr12	59066999	59067012	+	17.1125	1.38e-06	0.0357	AAGATGGCGGTCGC
6-AAGATGGCGGCSSB	STREME-6	chrX	74305235	74305248	-	17.1	1.4e-06	0.0361	AAGATGGCGTCTGT
6-AAGATGGCGGCSSB	STREME-6	chr16	17452008	17452021	-	17.075	1.43e-06	0.0367	AAAATGGCGGACGC
6-AAGATGGCGGCSSB	STREME-6	chr6	95718764	95718777	-	17.05	1.46e-06	0.0374	AAGATGGCGTCCCC
6-AAGATGGCGGCSSB	STREME-6	chr15	43477282	43477295	+	17.0375	1.47e-06	0.0374	AAGATGGCGAAGGT
6-AAGATGGCGGCSSB	STREME-6	chr11	106787721	106787734	-	17	1.5e-06	0.038	AAAATGGCAGCGGC
6-AAGATGGCGGCSSB	STREME-6	chr13	54687887	54687900	-	16.9625	1.56e-06	0.039	AAGATGGCGACCCG
6-AAGATGGCGGCSSB	STREME-6	chrX	73458928	73458941	-	16.9625	1.56e-06	0.039	AACATGGCGGAGGA
6-AAGATGGCGGCSSB	STREME-6	chr10	116581480	116581493	+	16.95	1.57e-06	0.0391	AAGATGGCGACGTA
6-AAGATGGCGGCSSB	STREME-6	chr5	129020224	129020237	-	16.9	1.62e-06	0.0402	AAGATGGCGGAAGC
6-AAGATGGCGGCSSB	STREME-6	chr2	155473437	155473450	+	16.875	1.65e-06	0.0408	AACATGGCGACGGG
6-AAGATGGCGGCSSB	STREME-6	chr17	56183880	56183893	-	16.8625	1.67e-06	0.041	AAGATGGCAGCCCC
6-AAGATGGCGGCSSB	STREME-6	chr1	15805674	15805687	+	16.8375	1.7e-06	0.0416	AACATGGCGGAGAC
6-AAGATGGCGGCSSB	STREME-6	chr7	126377390	126377403	-	16.825	1.72e-06	0.0418	AACATGGCGGCAGT
6-AAGATGGCGGCSSB	STREME-6	chr4	48043172	48043185	+	16.8	1.75e-06	0.0422	AAGATGGCGACTCG
6-AAGATGGCGGCSSB	STREME-6	chr1	93754655	93754668	+	16.8	1.75e-06	0.0422	AAGATGGCTGCGCG
6-AAGATGGCGGCSSB	STREME-6	chr4	129335614	129335627	-	16.7625	1.8e-06	0.0432	AAGATGGCTGCGCA
6-AAGATGGCGGCSSB	STREME-6	chr1	171345708	171345721	+	16.7375	1.82e-06	0.0433	AAGATGGCGGACAG
6-AAGATGGCGGCSSB	STREME-6	chr2	26916320	26916333	-	16.7	1.88e-06	0.0433	AAGATGGCTGCTGT
6-AAGATGGCGGCSSB	STREME-6	chr18	31804294	31804307	-	16.7	1.88e-06	0.0433	AAAATGGCGGAGCG
6-AAGATGGCGGCSSB	STREME-6	chr7	99483610	99483623	-	16.7	1.88e-06	0.0433	AAGATGGCGGTGCA
6-AAGATGGCGGCSSB	STREME-6	chr11	31870655	31870668	+	16.7	1.88e-06	0.0433	AAGATGGCGGTGCA
6-AAGATGGCGGCSSB	STREME-6	chr5	33335573	33335586	+	16.7	1.88e-06	0.0433	AAGATGGCGGTGCA
6-AAGATGGCGGCSSB	STREME-6	chrX	75416715	75416728	+	16.7	1.88e-06	0.0433	AAGATGGCGGTGCA
6-AAGATGGCGGCSSB	STREME-6	chr8	79711639	79711652	+	16.7	1.88e-06	0.0433	AAGATGGCGGTGCA
6-AAGATGGCGGCSSB	STREME-6	chr4	110397868	110397881	+	16.7	1.88e-06	0.0433	AAAATGGCGGAGCG
6-AAGATGGCGGCSSB	STREME-6	chr4	154964142	154964155	+	16.7	1.88e-06	0.0433	AAAATGGCGGAGCG
6-AAGATGGCGGCSSB	STREME-6	chr10	80826671	80826684	-	16.6875	1.91e-06	0.0436	AAAATGGCGCCGGC
6-AAGATGGCGGCSSB	STREME-6	chr8	122444602	122444615	-	16.675	1.92e-06	0.0436	AAGATGGCAGCCGG
6-AAGATGGCGGCSSB	STREME-6	chr7	28742012	28742025	+	16.675	1.92e-06	0.0436	AAGATGGCTGCGTC
6-AAGATGGCGGCSSB	STREME-6	chr9	120933473	120933486	-	16.6625	1.94e-06	0.0439	AAGATGGCGCCGCA
6-AAGATGGCGGCSSB	STREME-6	chr17	33685368	33685381	-	16.65	1.96e-06	0.0439	AAAATGGCGGCAGG
6-AAGATGGCGGCSSB	STREME-6	chr11	109362970	109362983	+	16.65	1.96e-06	0.0439	AAGATGGCGGACTT
6-AAGATGGCGGCSSB	STREME-6	chr18	66002600	66002613	-	16.6125	2e-06	0.0441	AAGATGGCGGTGTC
6-AAGATGGCGGCSSB	STREME-6	chr9	78481036	78481049	-	16.6125	2e-06	0.0441	AAGATGGCCGCTCC
6-AAGATGGCGGCSSB	STREME-6	chr5	33936304	33936317	+	16.6125	2e-06	0.0441	AACATGGCGGCACC
6-AAGATGGCGGCSSB	STREME-6	chr3	90231701	90231714	+	16.6125	2e-06	0.0441	AAGATGGCCGCTCC
6-AAGATGGCGGCSSB	STREME-6	chr19	4163395	4163408	+	16.6	2.01e-06	0.0442	AAGATGGCGCCTGT
6-AAGATGGCGGCSSB	STREME-6	chr12	24974941	24974954	+	16.5875	2.03e-06	0.0444	AAGATGGCCGCCGG
6-AAGATGGCGGCSSB	STREME-6	chr18	77774203	77774216	-	16.575	2.06e-06	0.0446	AAGATGGCGCCGTC
6-AAGATGGCGGCSSB	STREME-6	chr18	64488935	64488948	-	16.5625	2.07e-06	0.0446	AACATGGCTGCGGC
6-AAGATGGCGGCSSB	STREME-6	chr1	183369518	183369531	-	16.5625	2.07e-06	0.0446	AACATGGCTGCGGC
6-AAGATGGCGGCSSB	STREME-6	chr6	8209319	8209332	-	16.55	2.1e-06	0.0446	AAGATGGCCGCCGA
6-AAGATGGCGGCSSB	STREME-6	chr19	60226661	60226674	-	16.55	2.1e-06	0.0446	AAGATGGCCGCCGA
6-AAGATGGCGGCSSB	STREME-6	chr5	122158320	122158333	-	16.55	2.1e-06	0.0446	AAGATGGCCGCCGA
6-AAGATGGCGGCSSB	STREME-6	chr17	29549796	29549809	+	16.55	2.1e-06	0.0446	AAGATGGCGCCCCC
6-AAGATGGCGGCSSB	STREME-6	chrX	113185478	113185491	-	16.5375	2.12e-06	0.0449	AAGATGGCGGATAA
6-AAGATGGCGGCSSB	STREME-6	chr2	167631950	167631963	-	16.5125	2.14e-06	0.0452	AAGATGGCAGCCAC
6-AAGATGGCGGCSSB	STREME-6	chr16	14317310	14317323	-	16.475	2.2e-06	0.046	AAAATGGCGACTGT
6-AAGATGGCGGCSSB	STREME-6	chr2	30178414	30178427	-	16.475	2.2e-06	0.046	AACATGGCGGAGCG
6-AAGATGGCGGCSSB	STREME-6	chr4	149426595	149426608	-	16.4625	2.23e-06	0.0462	AAGATGGCCGCCCT
6-AAGATGGCGGCSSB	STREME-6	chrX	7884339	7884352	+	16.4625	2.23e-06	0.0462	AACATGGCAGCGGT
6-AAGATGGCGGCSSB	STREME-6	chr6	136828119	136828132	-	16.425	2.29e-06	0.047	AAGATGGCGGTTCC
6-AAGATGGCGGCSSB	STREME-6	chrX	23365156	23365169	+	16.425	2.29e-06	0.047	AACATGGCGGCAGG
6-AAGATGGCGGCSSB	STREME-6	chr5	72914378	72914391	+	16.425	2.29e-06	0.047	AAGATGGCTGCCGA
6-AAGATGGCGGCSSB	STREME-6	chr17	87283220	87283233	+	16.4125	2.31e-06	0.0472	AAGATGGCTGCGAA
6-AAGATGGCGGCSSB	STREME-6	chr7	16826127	16826140	-	16.375	2.37e-06	0.048	AACATGGCGGATGT
6-AAGATGGCGGCSSB	STREME-6	chr4	21848038	21848051	-	16.3625	2.39e-06	0.048	AAGATGGCGCCCGG
6-AAGATGGCGGCSSB	STREME-6	chr5	39755695	39755708	-	16.3625	2.39e-06	0.048	AAGATGGCGCCCGG
6-AAGATGGCGGCSSB	STREME-6	chr1	171150567	171150580	-	16.3625	2.39e-06	0.048	AAGATGGCTGCGTT
6-AAGATGGCGGCSSB	STREME-6	chr18	24530216	24530229	+	16.3625	2.39e-06	0.048	AAGATGGCGCCCGG
6-AAGATGGCGGCSSB	STREME-6	chr14	20546530	20546543	+	16.325	2.47e-06	0.0494	AACATGGCGGACCC
6-AAGATGGCGGCSSB	STREME-6	chr16	20610727	20610740	-	16.3	2.51e-06	0.0499	AAGATGGCTGCTGG
6-AAGATGGCGGCSSB	STREME-6	chr2	104590485	104590498	-	16.2625	2.54e-06	0.0502	AAAATGGCTGCGCC
6-AAGATGGCGGCSSB	STREME-6	chr11	116274095	116274108	-	16.2625	2.54e-06	0.0502	AAGATGGCTGCTGA
6-AAGATGGCGGCSSB	STREME-6	chr3	36000546	36000559	-	16.25	2.59e-06	0.0504	GAGATGGCGGCGGC
6-AAGATGGCGGCSSB	STREME-6	chr3	36000546	36000559	-	16.25	2.59e-06	0.0504	GAGATGGCGGCGGC
6-AAGATGGCGGCSSB	STREME-6	chr5	21737174	21737187	+	16.25	2.59e-06	0.0504	GAGATGGCGGCGGC
6-AAGATGGCGGCSSB	STREME-6	chr2	122028669	122028682	+	16.25	2.59e-06	0.0504	GAGATggcggcggc
6-AAGATGGCGGCSSB	STREME-6	chr7	105581287	105581300	-	16.2375	2.61e-06	0.0504	AAGATGGCGCCCCT
6-AAGATGGCGGCSSB	STREME-6	chr15	12118264	12118277	+	16.2375	2.61e-06	0.0504	AAAATGGCGACCGG
6-AAGATGGCGGCSSB	STREME-6	chr9	53667050	53667063	-	16.225	2.63e-06	0.0505	AACATGGCGACGTC
6-AAGATGGCGGCSSB	STREME-6	chr8	106211036	106211049	+	16.2	2.69e-06	0.0515	AAAATGGCCGCGGG
6-AAGATGGCGGCSSB	STREME-6	chr10	123196904	123196917	-	16.1875	2.7e-06	0.0515	AAGATGGCGGAAGG
6-AAGATGGCGGCSSB	STREME-6	chr5	28317171	28317184	-	16.1625	2.75e-06	0.052	AACATGGCCGCGCC
6-AAGATGGCGGCSSB	STREME-6	chr14	54618072	54618085	-	16.1625	2.75e-06	0.052	AAAATGGCGCCGCC
6-AAGATGGCGGCSSB	STREME-6	chr4	148038967	148038980	-	16.1625	2.75e-06	0.052	AACATGGCCGCGCC
6-AAGATGGCGGCSSB	STREME-6	chr17	87107315	87107328	+	16.1375	2.8e-06	0.0527	AAAATGGCAGCCGC
6-AAGATGGCGGCSSB	STREME-6	chr11	60878757	60878770	-	16.0875	2.87e-06	0.0539	AAGATGGCCGCGTG
6-AAGATGGCGGCSSB	STREME-6	chr3	90213708	90213721	-	16.075	2.89e-06	0.0539	AAGATGGCGAAGCA
6-AAGATGGCGGCSSB	STREME-6	chr5	100498544	100498557	-	16.075	2.89e-06	0.0539	AAAATGGCGGATCT
6-AAGATGGCGGCSSB	STREME-6	chrX	74085575	74085588	-	16.05	2.93e-06	0.0545	AAAATGGCCGCCGC
6-AAGATGGCGGCSSB	STREME-6	chr1	171222490	171222503	-	16.0375	2.96e-06	0.0548	AAGATGGCGCCTAC
6-AAGATGGCGGCSSB	STREME-6	chr17	71475153	71475166	-	16.025	2.98e-06	0.0548	AACATGGCAGCGGA
6-AAGATGGCGGCSSB	STREME-6	chrX	99820204	99820217	+	16.025	2.98e-06	0.0548	AAGATGGCGACAGA
6-AAGATGGCGGCSSB	STREME-6	chr8	105851972	105851985	-	16.0125	3.01e-06	0.0552	AACATGGCGGACCT
6-AAGATGGCGGCSSB	STREME-6	chr12	71015577	71015590	+	15.975	3.08e-06	0.0562	AAAATGGCGCCGGG
6-AAGATGGCGGCSSB	STREME-6	chr2	180701818	180701831	-	15.95	3.11e-06	0.0566	AAAATGGCGTCGCG
6-AAGATGGCGGCSSB	STREME-6	chrX	58030466	58030479	-	15.9125	3.21e-06	0.0582	AACATGGCAGCCGC
6-AAGATGGCGGCSSB	STREME-6	chr19	46356794	46356807	+	15.9	3.24e-06	0.0585	AACATGGCAGCGAC
6-AAGATGGCGGCSSB	STREME-6	chr2	132686844	132686857	+	15.875	3.28e-06	0.0591	AAGATGGCCGCAGC
6-AAGATGGCGGCSSB	STREME-6	chr15	98534224	98534237	-	15.8625	3.31e-06	0.0594	AAGATGGCGCCGTG
6-AAGATGGCGGCSSB	STREME-6	chr4	117289422	117289435	-	15.825	3.4e-06	0.0607	AACATGGCCGCCGC
6-AAGATGGCGGCSSB	STREME-6	chr11	116853134	116853147	+	15.825	3.4e-06	0.0607	AAAATGGCGCCCGC
6-AAGATGGCGGCSSB	STREME-6	chr11	104315902	104315915	+	15.7875	3.48e-06	0.0618	AAGATGGCAGAGGA
6-AAGATGGCGGCSSB	STREME-6	chr19	10525309	10525322	-	15.775	3.51e-06	0.0621	AATATGGCGGCGGC
6-AAGATGGCGGCSSB	STREME-6	chr2	156179540	156179553	-	15.7625	3.52e-06	0.0622	AAAATGGCAGCGCG
6-AAGATGGCGGCSSB	STREME-6	chr18	70472475	70472488	+	15.75	3.55e-06	0.0622	AACATGGCGCCGGG
6-AAGATGGCGGCSSB	STREME-6	chr1	171270351	171270364	+	15.75	3.55e-06	0.0622	AAGATGGCTGCAGC
6-AAGATGGCGGCSSB	STREME-6	chrX	106219603	106219616	-	15.725	3.61e-06	0.0631	AAGATGGCGCCTAT
6-AAGATGGCGGCSSB	STREME-6	chr7	101663745	101663758	-	15.7	3.68e-06	0.0639	AACATGGCTGCCGC
6-AAGATGGCGGCSSB	STREME-6	chr4	117155861	117155874	-	15.7	3.68e-06	0.0639	AACATGGCTGCCGC
6-AAGATGGCGGCSSB	STREME-6	chr5	35105680	35105693	-	15.675	3.73e-06	0.0644	AAGATGGCGCCTCG
6-AAGATGGCGGCSSB	STREME-6	chr10	61878020	61878033	-	15.675	3.73e-06	0.0644	AAGATGGCGAAGTT
6-AAGATGGCGGCSSB	STREME-6	chr17	29717121	29717134	-	15.6625	3.76e-06	0.0647	AACATGGCCGCTGC
6-AAGATGGCGGCSSB	STREME-6	chr13	98316964	98316977	+	15.6375	3.8e-06	0.0652	AAGATGGCAGCTAG
6-AAGATGGCGGCSSB	STREME-6	chrX	73787013	73787026	-	15.625	3.83e-06	0.0654	AAGATGGCGGAACA
6-AAGATGGCGGCSSB	STREME-6	chr6	38551626	38551639	-	15.6125	3.87e-06	0.0657	AAAATGGCAGCCCC
6-AAGATGGCGGCSSB	STREME-6	chr10	91123917	91123930	+	15.6125	3.87e-06	0.0657	AAGATGGCGAACAC
6-AAGATGGCGGCSSB	STREME-6	chr11	116490399	116490412	-	15.5375	4.05e-06	0.0685	GAGATGGCGGCGGG
6-AAGATGGCGGCSSB	STREME-6	chr9	106892176	106892189	-	15.4875	4.18e-06	0.07	AACATGGCGACCCG
6-AAGATGGCGGCSSB	STREME-6	chr17	35919043	35919056	+	15.4875	4.18e-06	0.07	AAAATGGCGTCCCT
6-AAGATGGCGGCSSB	STREME-6	chr9	108517108	108517121	+	15.4875	4.18e-06	0.07	AAGATGGCGCCCAG
6-AAGATGGCGGCSSB	STREME-6	chr11	5099010	5099023	-	15.45	4.27e-06	0.0702	AAAATGGCGTCCAC
6-AAGATGGCGGCSSB	STREME-6	chr2	35109534	35109547	+	15.45	4.27e-06	0.0702	AAAATGGCTGCTGT
6-AAGATGGCGGCSSB	STREME-6	chr10	105841342	105841355	+	15.45	4.27e-06	0.0702	AACATGGCCGCGCG
6-AAGATGGCGGCSSB	STREME-6	chr9	66124754	66124767	-	15.4375	4.29e-06	0.0702	AAGATGGCGTCAGG
6-AAGATGGCGGCSSB	STREME-6	chr2	154407960	154407973	-	15.4375	4.29e-06	0.0702	AAGATGGCGTCAGG
6-AAGATGGCGGCSSB	STREME-6	chr9	14381078	14381091	+	15.4375	4.29e-06	0.0702	AAGATGGCTGCAGT
6-AAGATGGCGGCSSB	STREME-6	chr13	56546767	56546780	+	15.4375	4.29e-06	0.0702	AACATGGCAGCTGT
6-AAGATGGCGGCSSB	STREME-6	chr15	88733860	88733873	+	15.4375	4.29e-06	0.0702	AACATGGCGCCTGC
6-AAGATGGCGGCSSB	STREME-6	chr19	8837350	8837363	-	15.4	4.37e-06	0.0712	AAAATGGCTGCCCC
6-AAGATGGCGGCSSB	STREME-6	chr1	10232960	10232973	-	15.3875	4.42e-06	0.0712	AACATGGCGTCCGG
6-AAGATGGCGGCSSB	STREME-6	chr2	30100340	30100353	-	15.3875	4.42e-06	0.0712	AAGATGGCAACTGC
6-AAGATGGCGGCSSB	STREME-6	chr8	107056644	107056657	-	15.3875	4.42e-06	0.0712	GAGATGGCGGCCGC
6-AAGATGGCGGCSSB	STREME-6	chr1	59913305	59913318	+	15.3875	4.42e-06	0.0712	AACATGGCAGCCCC
6-AAGATGGCGGCSSB	STREME-6	chr19	44562874	44562887	+	15.375	4.45e-06	0.0714	GAGATGGCGGCGAC
6-AAGATGGCGGCSSB	STREME-6	chr4	129542618	129542631	-	15.35	4.5e-06	0.0721	AAGATGGCGCAGAC
6-AAGATGGCGGCSSB	STREME-6	chr1	93478777	93478790	-	15.3375	4.53e-06	0.0724	AAGATGGCGTCTTG
6-AAGATGGCGGCSSB	STREME-6	chr16	33056483	33056496	-	15.3125	4.6e-06	0.0729	AAGATGGCGGAAAG
6-AAGATGGCGGCSSB	STREME-6	chr13	14613271	14613284	+	15.3	4.64e-06	0.0729	AAGATGGCAGAGCG
6-AAGATGGCGGCSSB	STREME-6	chr13	30545242	30545255	+	15.3	4.64e-06	0.0729	AACATGGCGACAGC
6-AAGATGGCGGCSSB	STREME-6	chr1	42851288	42851301	+	15.3	4.64e-06	0.0729	AACATGGCCGCCCC
6-AAGATGGCGGCSSB	STREME-6	chr5	121220218	121220231	+	15.3	4.64e-06	0.0729	AAGATGGCGTCTTA
6-AAGATGGCGGCSSB	STREME-6	chr18	32067761	32067774	-	15.2875	4.68e-06	0.0731	AAAATGGCGTCTAC
6-AAGATGGCGGCSSB	STREME-6	chr2	156179610	156179623	-	15.2875	4.68e-06	0.0731	AACATGGCGCCCGT
6-AAGATGGCGGCSSB	STREME-6	chr16	5203971	5203984	-	15.25	4.76e-06	0.0739	AATATGGCGGCGCC
6-AAGATGGCGGCSSB	STREME-6	chr8	12672091	12672104	-	15.25	4.76e-06	0.0739	AATATGGCGGCGCC
6-AAGATGGCGGCSSB	STREME-6	chr19	3912925	3912938	-	15.225	4.84e-06	0.0747	AACATGGCAGCTCC
6-AAGATGGCGGCSSB	STREME-6	chr19	10555714	10555727	-	15.225	4.84e-06	0.0747	AACATGGCGCCGCG
6-AAGATGGCGGCSSB	STREME-6	chr14	29978343	29978356	-	15.175	4.96e-06	0.0762	AAAATGGCCGCCAC
6-AAGATGGCGGCSSB	STREME-6	chr18	10610263	10610276	+	15.175	4.96e-06	0.0762	AAAATGGCCGCCAC
6-AAGATGGCGGCSSB	STREME-6	chr13	94172830	94172843	-	15.15	5.01e-06	0.0763	AAAATGGCGGTCGG
6-AAGATGGCGGCSSB	STREME-6	chr5	124081000	124081013	+	15.15	5.01e-06	0.0763	AAGATGGCAGACCC
6-AAGATGGCGGCSSB	STREME-6	chr1	189887697	189887710	+	15.15	5.01e-06	0.0763	AAGATGGCGACAAA
6-AAGATGGCGGCSSB	STREME-6	chr12	81025143	81025156	-	15.1375	5.05e-06	0.0763	AAAATGGCGTCCAT
6-AAGATGGCGGCSSB	STREME-6	chr19	36554417	36554430	+	15.1375	5.05e-06	0.0763	AACATGGCGACCAG
6-AAGATGGCGGCSSB	STREME-6	chr4	148558464	148558477	+	15.1375	5.05e-06	0.0763	AAAATGGCGCCTCC
6-AAGATGGCGGCSSB	STREME-6	chr17	46282980	46282993	-	15.1	5.16e-06	0.0777	AAGATGGCTGCCTG
6-AAGATGGCGGCSSB	STREME-6	chr10	43221493	43221506	+	15.075	5.25e-06	0.0788	AACATGGCGCCCCC
6-AAGATGGCGGCSSB	STREME-6	chr19	8771087	8771100	+	15.05	5.33e-06	0.0798	AAAATGGCGTCCCA
6-AAGATGGCGGCSSB	STREME-6	chr13	93499391	93499404	-	15.0375	5.36e-06	0.0798	AAGATGGCTGCAGG
6-AAGATGGCGGCSSB	STREME-6	chr3	32817755	32817768	+	15.0375	5.36e-06	0.0798	AAGATGGCTGCAGG
6-AAGATGGCGGCSSB	STREME-6	chr8	111521970	111521983	-	15.0125	5.43e-06	0.0805	GAGATGGCGGCGCG
6-AAGATGGCGGCSSB	STREME-6	chr11	75679300	75679313	-	15	5.47e-06	0.0805	GAAATGGCGGCGGC
6-AAGATGGCGGCSSB	STREME-6	chr15	80255490	80255503	-	15	5.47e-06	0.0805	GAAATGGCGGCGGC
6-AAGATGGCGGCSSB	STREME-6	chr12	104751846	104751859	-	15	5.47e-06	0.0805	GAAATGGCGGCGGC
6-AAGATGGCGGCSSB	STREME-6	chr1	180726098	180726111	+	14.975	5.56e-06	0.0816	GAGATGGCGGCGCA
6-AAGATGGCGGCSSB	STREME-6	chr19	7341601	7341614	+	14.95	5.64e-06	0.0826	AACATGGCCGCCAC
6-AAGATGGCGGCSSB	STREME-6	chr6	148211987	148212000	-	14.925	5.71e-06	0.0833	AACATGGCGGTCGG
6-AAGATGGCGGCSSB	STREME-6	chr1	55027355	55027368	-	14.9125	5.75e-06	0.0833	AAAATGGCGAAGAT
6-AAGATGGCGGCSSB	STREME-6	chr19	57136371	57136384	-	14.9125	5.75e-06	0.0833	AACATGGCCGCTGA
6-AAGATGGCGGCSSB	STREME-6	chr6	136532915	136532928	-	14.9125	5.75e-06	0.0833	AAGATGGCTGCACT
6-AAGATGGCGGCSSB	STREME-6	chr5	32785602	32785615	-	14.8875	5.84e-06	0.0841	GAGATGGCGGCGTC
6-AAGATGGCGGCSSB	STREME-6	chr6	100833643	100833656	-	14.8875	5.84e-06	0.0841	AACATGGCGCCCGG
6-AAGATGGCGGCSSB	STREME-6	chr6	49263687	49263700	-	14.8625	5.93e-06	0.0847	AAGATGGCTTCGGG
6-AAGATGGCGGCSSB	STREME-6	chr2	180225791	180225804	-	14.8625	5.93e-06	0.0847	AAAATGGCGAAGCG
6-AAGATGGCGGCSSB	STREME-6	chr12	4817786	4817799	+	14.8625	5.93e-06	0.0847	AAGATGGCGATGCA
6-AAGATGGCGGCSSB	STREME-6	chrX	38564654	38564667	+	14.8125	6.06e-06	0.0864	AAGATGGCGCCACT
6-AAGATGGCGGCSSB	STREME-6	chr9	75314268	75314281	+	14.8	6.1e-06	0.0866	AAGATGGCAACCGA
6-AAGATGGCGGCSSB	STREME-6	chr11	88047829	88047842	-	14.775	6.17e-06	0.0869	GACATGGCGGCGGC
6-AAGATGGCGGCSSB	STREME-6	chr11	106787766	106787779	-	14.775	6.17e-06	0.0869	GACATGGCGGCGGC
6-AAGATGGCGGCSSB	STREME-6	chr15	94589771	94589784	+	14.775	6.17e-06	0.0869	GACATGGCGGCGGC
6-AAGATGGCGGCSSB	STREME-6	chr13	9764561	9764574	-	14.7625	6.21e-06	0.0871	AACATGGCGCCCCT
6-AAGATGGCGGCSSB	STREME-6	chrX	85573846	85573859	-	14.7625	6.21e-06	0.0871	AAGATGGCACCGCC
6-AAGATGGCGGCSSB	STREME-6	chr11	77078387	77078400	-	14.75	6.25e-06	0.0871	AAGATGGCGATCCC
6-AAGATGGCGGCSSB	STREME-6	chr9	62344338	62344351	-	14.7375	6.29e-06	0.0871	AAAATGGCAGCTCG
6-AAGATGGCGGCSSB	STREME-6	chr11	82908345	82908358	-	14.7375	6.29e-06	0.0871	AGGATGGCGGCGGC
6-AAGATGGCGGCSSB	STREME-6	chr11	82764368	82764381	+	14.7375	6.29e-06	0.0871	AACATGGCGTCCTC
6-AAGATGGCGGCSSB	STREME-6	chr8	105900456	105900469	+	14.7375	6.29e-06	0.0871	AGGATGGCGGCGGC
6-AAGATGGCGGCSSB	STREME-6	chr16	4684130	4684143	+	14.7125	6.36e-06	0.0878	AAAATGGCTGCGTG
6-AAGATGGCGGCSSB	STREME-6	chr16	92697582	92697595	-	14.7	6.41e-06	0.088	AACATGGCAGCGTG
6-AAGATGGCGGCSSB	STREME-6	chr2	92401573	92401586	+	14.7	6.41e-06	0.088	AAGATGGCTGAGAA
6-AAGATGGCGGCSSB	STREME-6	chr8	85026895	85026908	+	14.6875	6.44e-06	0.0881	AAAATGGCTGCCCG
6-AAGATGGCGGCSSB	STREME-6	chr7	127770840	127770853	-	14.675	6.51e-06	0.0889	AAGATGGCAACTGG
6-AAGATGGCGGCSSB	STREME-6	chr6	52221769	52221782	+	14.6625	6.54e-06	0.0891	GAGATGGCGGCGAG
6-AAGATGGCGGCSSB	STREME-6	chr9	80067098	80067111	-	14.625	6.66e-06	0.0904	AAAATGGCCGCAGC
6-AAGATGGCGGCSSB	STREME-6	chr4	11254219	11254232	+	14.6125	6.7e-06	0.0908	AAGATGGCGTAGTA
6-AAGATGGCGGCSSB	STREME-6	chr4	123139921	123139934	-	14.5875	6.78e-06	0.0914	AAGATGGCCACCAC
6-AAGATGGCGGCSSB	STREME-6	chr12	69296991	69297004	+	14.5875	6.78e-06	0.0914	AAGATGGCTGATGG
6-AAGATGGCGGCSSB	STREME-6	chr5	21701497	21701510	-	14.55	6.91e-06	0.0927	AAGATGGCTCCGCC
6-AAGATGGCGGCSSB	STREME-6	chr4	141617981	141617994	+	14.55	6.91e-06	0.0927	AACATGGCAGCCTC
6-AAGATGGCGGCSSB	STREME-6	chr14	75754427	75754440	-	14.5375	6.95e-06	0.093	GAGATGGCGGAGGC
6-AAGATGGCGGCSSB	STREME-6	chr3	116513137	116513150	+	14.5	7.05e-06	0.0941	AAAATGGCTGCAGC
6-AAGATGGCGGCSSB	STREME-6	chr16	20548669	20548682	+	14.4875	7.11e-06	0.0947	AACATGGCGACTTG
6-AAGATGGCGGCSSB	STREME-6	chr18	52465716	52465729	+	14.475	7.14e-06	0.0949	GAGATGGCGGCTGA
6-AAGATGGCGGCSSB	STREME-6	chr13	47106195	47106208	+	14.4625	7.21e-06	0.0956	AAAATGGCGGTTCG
6-AAGATGGCGGCSSB	STREME-6	chr2	153875159	153875172	-	14.4	7.44e-06	0.0983	AAGATGGCATCCCC
6-AAGATGGCGGCSSB	STREME-6	chr4	135972704	135972717	-	14.3875	7.49e-06	0.0983	AACATGGCAGCTTC
6-AAGATGGCGGCSSB	STREME-6	chr15	99651765	99651778	-	14.375	7.51e-06	0.0983	AAAATGGCCGCCTT
6-AAGATGGCGGCSSB	STREME-6	chr1	130717499	130717512	-	14.375	7.51e-06	0.0983	AAAATGGCCGCCTT
6-AAGATGGCGGCSSB	STREME-6	chr11	70617962	70617975	+	14.375	7.51e-06	0.0983	AAGATGGCAGCAAG
6-AAGATGGCGGCSSB	STREME-6	chr7	83892286	83892299	+	14.3375	7.66e-06	0.0999	AACATGGCTGCCTC
6-AAGATGGCGGCSSB	STREME-6	chrX	159255726	159255739	-	14.3125	7.74e-06	0.101	AACATGGCGTCTAA
6-AAGATGGCGGCSSB	STREME-6	chr5	23433100	23433113	-	14.3	7.78e-06	0.101	AAGATGGCGCTGGG
6-AAGATGGCGGCSSB	STREME-6	chr3	108147951	108147964	+	14.3	7.78e-06	0.101	AAAATGGCTGCCAA
6-AAGATGGCGGCSSB	STREME-6	chr19	6363742	6363755	-	14.2875	7.82e-06	0.101	GAAATGGCGGCGGG
6-AAGATGGCGGCSSB	STREME-6	chr7	110946872	110946885	+	14.2875	7.82e-06	0.101	AAGATGGCGCCATC
6-AAGATGGCGGCSSB	STREME-6	chr7	110946874	110946887	-	14.2875	7.82e-06	0.101	AAGATGGCGCCATC
6-AAGATGGCGGCSSB	STREME-6	chr8	124721951	124721964	-	14.2625	7.88e-06	0.101	AAGATGGCACCTGC
6-AAGATGGCGGCSSB	STREME-6	chr17	48409736	48409749	+	14.2375	7.99e-06	0.102	AAAATGGCGAATCT
6-AAGATGGCGGCSSB	STREME-6	chr2	158028703	158028716	-	14.225	8.05e-06	0.103	AAGATGGCCACCCG
6-AAGATGGCGGCSSB	STREME-6	chr12	110840897	110840910	-	14.2	8.17e-06	0.104	AATATGGCGGCCGG
6-AAGATGGCGGCSSB	STREME-6	chrX	104413813	104413826	-	14.175	8.26e-06	0.105	AAGATGGCGCTGCT
6-AAGATGGCGGCSSB	STREME-6	chr4	62663551	62663564	+	14.1375	8.41e-06	0.106	AACATGGCTGAGGG
6-AAGATGGCGGCSSB	STREME-6	chr6	136532968	136532981	+	14.1375	8.41e-06	0.106	AAAATGGCTGCTAA
6-AAGATGGCGGCSSB	STREME-6	chr19	6992558	6992571	-	14.125	8.44e-06	0.107	GAAATGGCGGCGAC
6-AAGATGGCGGCSSB	STREME-6	chr18	67724505	67724518	+	14.0625	8.69e-06	0.109	GACATGGCGGCGGG
6-AAGATGGCGGCSSB	STREME-6	chr15	88819413	88819426	+	14.0625	8.69e-06	0.109	AAGATGGCCACTCG
6-AAGATGGCGGCSSB	STREME-6	chr8	84249692	84249705	-	14.0375	8.78e-06	0.11	AACATGGCGCAGGG
6-AAGATGGCGGCSSB	STREME-6	chr19	56822452	56822465	-	14.025	8.86e-06	0.11	AAGATGGCAACTTC
6-AAGATGGCGGCSSB	STREME-6	chr12	85339216	85339229	+	14.025	8.86e-06	0.11	GACATGGCGGCGGA
6-AAGATGGCGGCSSB	STREME-6	chr13	35906315	35906328	-	14.0125	8.91e-06	0.11	AACATGGCCACGCT
6-AAGATGGCGGCSSB	STREME-6	chr13	35906315	35906328	-	14.0125	8.91e-06	0.11	AACATGGCCACGCT
6-AAGATGGCGGCSSB	STREME-6	chr13	35906315	35906328	-	14.0125	8.91e-06	0.11	AACATGGCCACGCT
6-AAGATGGCGGCSSB	STREME-6	chr10	80102684	80102697	-	14.0125	8.91e-06	0.11	AACATGGCGCCCAG
6-AAGATGGCGGCSSB	STREME-6	chr5	148995054	148995067	-	14.0125	8.91e-06	0.11	GAGATGGCGGAGCC
6-AAGATGGCGGCSSB	STREME-6	chr5	115565285	115565298	+	13.9875	9.02e-06	0.111	AGGATGGCGGCGGA
6-AAGATGGCGGCSSB	STREME-6	chr11	116843463	116843476	-	13.975	9.05e-06	0.111	AACATGGCGCCCAA
6-AAGATGGCGGCSSB	STREME-6	chr9	108338960	108338973	-	13.9625	9.13e-06	0.112	AAGATGGCCTCTGG
6-AAGATGGCGGCSSB	STREME-6	chr19	5088563	5088576	+	13.9125	9.3e-06	0.114	GACATGGCGGCCGC
6-AAGATGGCGGCSSB	STREME-6	chr13	21072794	21072807	+	13.9	9.36e-06	0.114	AAAATGGCAGCTTG
6-AAGATGGCGGCSSB	STREME-6	chr17	85090509	85090522	+	13.875	9.47e-06	0.115	AAGATGGCCACCAG
6-AAGATGGCGGCSSB	STREME-6	chr5	102069899	102069912	-	13.875	9.47e-06	0.115	AAGATGGCCACCAG
6-AAGATGGCGGCSSB	STREME-6	chrX	140600891	140600904	-	13.85	9.55e-06	0.116	AAGATGGCAGCATA
6-AAGATGGCGGCSSB	STREME-6	chr1	136018220	136018233	+	13.825	9.68e-06	0.117	GAGATGGCGGAGGG
6-AAGATGGCGGCSSB	STREME-6	chr3	103279875	103279888	+	13.8	9.78e-06	0.118	AACATGGCGGAAAA
6-AAGATGGCGGCSSB	STREME-6	chr7	127042351	127042364	-	13.7875	9.83e-06	0.118	GAGATGGCGTCGGC
6-AAGATGGCGGCSSB	STREME-6	chr11	83964472	83964485	+	13.775	9.87e-06	0.118	AAGATGGCGCTGCg
6-AAGATGGCGGCSSB	STREME-6	chr4	141932395	141932408	-	13.775	9.87e-06	0.118	AAGATGGCTGTTGT
6-AAGATGGCGGCSSB	STREME-6	chr9	91381636	91381649	+	13.7625	9.93e-06	0.119	AAAATGGCGCTGGC
6-AAGATGGCGGCSSB	STREME-6	chr5	122422601	122422614	+	13.75	9.98e-06	0.119	GACATGGCGGCTGC
6-AAGATGGCGGCSSB	STREME-6	chr7	29908440	29908453	-	13.7375	1e-05	0.119	AAGATGGCATCCAT
6-AAGATGGCGGCSSB	STREME-6	chr1	119648900	119648913	+	13.725	1.01e-05	0.12	GAAATGGCGGCGCA
6-AAGATGGCGGCSSB	STREME-6	chr18	36670261	36670274	-	13.7	1.02e-05	0.121	GAGATGGCGGAGCT
6-AAGATGGCGGCSSB	STREME-6	chr4	103159788	103159801	+	13.65	1.04e-05	0.123	AAGATGGCGCTGTC
6-AAGATGGCGGCSSB	STREME-6	chr19	7217561	7217574	+	13.6375	1.05e-05	0.123	AAGATGGCCGAACC
6-AAGATGGCGGCSSB	STREME-6	chr14	73552804	73552817	+	13.6375	1.05e-05	0.123	GAAATGGCGGCGTC
6-AAGATGGCGGCSSB	STREME-6	chr14	12284185	12284198	+	13.625	1.05e-05	0.123	AACATGGCTGCCTG
6-AAGATGGCGGCSSB	STREME-6	chr5	99978931	99978944	+	13.625	1.05e-05	0.123	AAAATGGCCGACGG
6-AAGATGGCGGCSSB	STREME-6	chr15	80264267	80264280	-	13.6	1.07e-05	0.124	AACATGTCGGCGGC
6-AAGATGGCGGCSSB	STREME-6	chr4	86748645	86748658	+	13.5625	1.08e-05	0.126	AACATGGCGGTCTG
6-AAGATGGCGGCSSB	STREME-6	chr5	76588708	76588721	-	13.55	1.09e-05	0.127	GAGATGGCGGCTTT
6-AAGATGGCGGCSSB	STREME-6	chr5	33936224	33936237	-	13.525	1.1e-05	0.128	AAGATGGCTTCCAT
6-AAGATGGCGGCSSB	STREME-6	chr19	20493079	20493092	+	13.4875	1.12e-05	0.13	AAGATGGCCTCTAT
6-AAGATGGCGGCSSB	STREME-6	chr16	30601554	30601567	+	13.4875	1.12e-05	0.13	AAAATGGCCACGAG
6-AAGATGGCGGCSSB	STREME-6	chr2	69723274	69723287	+	13.4875	1.12e-05	0.13	AATATGGCGGCAGC
6-AAGATGGCGGCSSB	STREME-6	chr5	32610975	32610988	-	13.4625	1.14e-05	0.131	AACATGGCGCCAGG
6-AAGATGGCGGCSSB	STREME-6	chr7	123124219	123124232	+	13.45	1.14e-05	0.131	AAAATGGCGCTGGT
6-AAGATGGCGGCSSB	STREME-6	chr5	45520322	45520335	+	13.4125	1.16e-05	0.132	GACATGGCGGCGTC
6-AAGATGGCGGCSSB	STREME-6	chr1	74601354	74601367	-	13.4125	1.16e-05	0.132	GACATGGCGGCGTC
6-AAGATGGCGGCSSB	STREME-6	chr3	88425220	88425233	-	13.4125	1.16e-05	0.132	AAGATGGCCGAAGA
6-AAGATGGCGGCSSB	STREME-6	chr1	34121481	34121494	+	13.3875	1.17e-05	0.133	AACATGGCTTCGGG
6-AAGATGGCGGCSSB	STREME-6	chr2	118862017	118862030	+	13.3875	1.17e-05	0.133	GAGATGGCGACTGC
6-AAGATGGCGGCSSB	STREME-6	chr3	53463333	53463346	+	13.375	1.18e-05	0.133	AGGATGGCGGCGTC
6-AAGATGGCGGCSSB	STREME-6	chr14	54653656	54653669	-	13.375	1.18e-05	0.133	AAGATGGCTCCCCT
6-AAGATGGCGGCSSB	STREME-6	chr12	105684814	105684827	+	13.3625	1.19e-05	0.134	AAAATGGCCAAGGC
6-AAGATGGCGGCSSB	STREME-6	chr19	46338686	46338699	-	13.3375	1.2e-05	0.134	AAAATGGCCACCAC
6-AAGATGGCGGCSSB	STREME-6	chr10	79960097	79960110	-	13.3375	1.2e-05	0.134	AAGATGGCTCCTGG
6-AAGATGGCGGCSSB	STREME-6	chr3	99141095	99141108	+	13.3375	1.2e-05	0.134	AAGATGGCGCTGTT
6-AAGATGGCGGCSSB	STREME-6	chr11	61127714	61127727	-	13.3	1.21e-05	0.136	AAGATGGCTCCTGA
6-AAGATGGCGGCSSB	STREME-6	chr6	108783245	108783258	-	13.2625	1.24e-05	0.138	AGCATGGCGGCGGC
6-AAGATGGCGGCSSB	STREME-6	chr17	80728137	80728150	+	13.2375	1.25e-05	0.139	AACATGGCTTccgc
6-AAGATGGCGGCSSB	STREME-6	chr11	106256187	106256200	+	13.2375	1.25e-05	0.139	AAGATGGCGCTTGA
6-AAGATGGCGGCSSB	STREME-6	chr5	115279709	115279722	+	13.2375	1.25e-05	0.139	ACGATGGCGGCGCC
6-AAGATGGCGGCSSB	STREME-6	chr4	105109787	105109800	-	13.225	1.26e-05	0.139	AACATGGCTGAGAA
6-AAGATGGCGGCSSB	STREME-6	chr9	48495447	48495460	+	13.2125	1.26e-05	0.139	AAAATGGCTACTGG
6-AAGATGGCGGCSSB	STREME-6	chr2	155930025	155930038	-	13.2	1.27e-05	0.14	AACATGGCGTTGCT
6-AAGATGGCGGCSSB	STREME-6	chr12	80643954	80643967	-	13.1625	1.29e-05	0.142	AAGATGGCTGAAAC
6-AAGATGGCGGCSSB	STREME-6	chr7	80803190	80803203	+	13.1625	1.29e-05	0.142	GACATGGCGGCCGA
6-AAGATGGCGGCSSB	STREME-6	chr1	66468253	66468266	-	13.1125	1.32e-05	0.144	AACATGGCTGATGG
6-AAGATGGCGGCSSB	STREME-6	chr2	153064138	153064151	-	13.1125	1.32e-05	0.144	AAAATGGCCTCTGT
6-AAGATGGCGGCSSB	STREME-6	chr11	77982359	77982372	+	13.1	1.32e-05	0.144	AAAATGGCGAAAGG
6-AAGATGGCGGCSSB	STREME-6	chr14	54360782	54360795	+	13.0625	1.34e-05	0.146	AAAATGGCCTCCCC
6-AAGATGGCGGCSSB	STREME-6	chr5	142963581	142963594	-	13.0625	1.34e-05	0.146	AAAATGGCCTCCCC
6-AAGATGGCGGCSSB	STREME-6	chr1	180569030	180569043	+	13.025	1.36e-05	0.148	AGGATGGCGGAGGC
6-AAGATGGCGGCSSB	STREME-6	chr6	99666741	99666754	-	13.0125	1.37e-05	0.148	AACATGGCGCTGCC
6-AAGATGGCGGCSSB	STREME-6	chr4	155469141	155469154	+	13.0125	1.37e-05	0.148	AACATGGCCCCGGG
6-AAGATGGCGGCSSB	STREME-6	chr9	121915757	121915770	-	13	1.38e-05	0.149	AAGATGGCCTCTTT
6-AAGATGGCGGCSSB	STREME-6	chrX	153723626	153723639	-	12.9875	1.39e-05	0.149	GAGATGGCGGATCC
6-AAGATGGCGGCSSB	STREME-6	chr19	31082726	31082739	-	12.9375	1.42e-05	0.152	AAAATGGCCGATCG
6-AAGATGGCGGCSSB	STREME-6	chr14	56778308	56778321	+	12.925	1.42e-05	0.152	AAAATGGCGCTGCT
6-AAGATGGCGGCSSB	STREME-6	chr12	85110996	85111009	+	12.925	1.42e-05	0.152	AACATGGCTGTGGG
6-AAGATGGCGGCSSB	STREME-6	chr13	58401547	58401560	+	12.9	1.44e-05	0.153	GAAATGGCGGCCCG
6-AAGATGGCGGCSSB	STREME-6	chr13	75943556	75943569	+	12.8875	1.45e-05	0.154	GAGATGGCAGCGGG
6-AAGATGGCGGCSSB	STREME-6	chr12	57196928	57196941	-	12.85	1.47e-05	0.156	AAGATGTCGGCCTC
6-AAGATGGCGGCSSB	STREME-6	chr17	34120485	34120498	-	12.8	1.49e-05	0.158	AAAATGGCTCCTGC
6-AAGATGGCGGCSSB	STREME-6	chr14	79515682	79515695	-	12.8	1.49e-05	0.158	AAAATGGCTCCTGC
6-AAGATGGCGGCSSB	STREME-6	chr2	161108990	161109003	+	12.8	1.49e-05	0.158	AAAATGGCTCCTGC
6-AAGATGGCGGCSSB	STREME-6	chr10	41303321	41303334	-	12.75	1.52e-05	0.16	AAGATGGCACCCTT
6-AAGATGGCGGCSSB	STREME-6	chr17	46650637	46650650	-	12.7375	1.53e-05	0.16	ACGATGGCGGCTGC
6-AAGATGGCGGCSSB	STREME-6	chr7	66079802	66079815	-	12.7375	1.53e-05	0.16	AGCATGGCGGCGCC
6-AAGATGGCGGCSSB	STREME-6	chr1	93343656	93343669	+	12.7375	1.53e-05	0.16	AATATGGCGGCAGA
6-AAGATGGCGGCSSB	STREME-6	chr11	102697697	102697710	-	12.7375	1.53e-05	0.16	AGCATGGCGGCGCC
6-AAGATGGCGGCSSB	STREME-6	chr7	5014825	5014838	-	12.725	1.54e-05	0.161	AAGATGGCGCTAGC
6-AAGATGGCGGCSSB	STREME-6	chr14	54426851	54426864	+	12.6875	1.56e-05	0.162	AAGATGTCGGCTTC
6-AAGATGGCGGCSSB	STREME-6	chr13	93637485	93637498	-	12.6875	1.56e-05	0.162	AAGATGGCACCAGT
6-AAGATGGCGGCSSB	STREME-6	chr10	14705450	14705463	-	12.675	1.57e-05	0.163	GAGATGGCCGCGCT
6-AAGATGGCGGCSSB	STREME-6	chr10	76962279	76962292	+	12.675	1.57e-05	0.163	GAGATGGCTGCGGG
6-AAGATGGCGGCSSB	STREME-6	chr7	118116144	118116157	+	12.6625	1.58e-05	0.163	AAGATGGCAGAAAG
6-AAGATGGCGGCSSB	STREME-6	chr14	8133812	8133825	-	12.65	1.59e-05	0.164	AAAATGGCTACTCA
6-AAGATGGCGGCSSB	STREME-6	chr6	82652642	82652655	+	12.6375	1.6e-05	0.164	AAGATGGCTTCCTG
6-AAGATGGCGGCSSB	STREME-6	chr7	113241410	113241423	+	12.5875	1.63e-05	0.167	AGGATGGCGACGGT
6-AAGATGGCGGCSSB	STREME-6	chr18	80151479	80151492	+	12.5625	1.64e-05	0.168	AAGATGGCGCTCAG
6-AAGATGGCGGCSSB	STREME-6	chr7	110614880	110614893	-	12.5625	1.64e-05	0.168	AACATGGCTGAAGC
6-AAGATGGCGGCSSB	STREME-6	chr5	113818720	113818733	+	12.55	1.65e-05	0.169	GACATGGCGGCCTC
6-AAGATGGCGGCSSB	STREME-6	chr18	11839802	11839815	+	12.5125	1.68e-05	0.171	ACAATGgcggcggc
6-AAGATGGCGGCSSB	STREME-6	chr12	55820946	55820959	+	12.5125	1.68e-05	0.171	AATATGGCGGATCC
6-AAGATGGCGGCSSB	STREME-6	chr16	35022477	35022490	+	12.4875	1.7e-05	0.172	GACATggcggcagc
6-AAGATGGCGGCSSB	STREME-6	chrX	7790023	7790036	+	12.4625	1.71e-05	0.173	AACATGGCGCAAGC
6-AAGATGGCGGCSSB	STREME-6	chr13	38528238	38528251	+	12.425	1.73e-05	0.176	AACATGTCGGCCGT
6-AAGATGGCGGCSSB	STREME-6	chr6	6216999	6217012	-	12.4	1.75e-05	0.177	AGCATGGCGGCCGC
6-AAGATGGCGGCSSB	STREME-6	chr2	31152355	31152368	+	12.375	1.77e-05	0.178	AACATGGCCGTCCC
6-AAGATGGCGGCSSB	STREME-6	chr8	91070245	91070258	+	12.375	1.77e-05	0.178	AGGATGGCGACGCC
6-AAGATGGCGGCSSB	STREME-6	chr7	44849260	44849273	-	12.3625	1.78e-05	0.178	AACATGGCTTCCAC
6-AAGATGGCGGCSSB	STREME-6	chr4	83324101	83324114	-	12.3625	1.78e-05	0.178	AACATGGCGCTCGT
6-AAGATGGCGGCSSB	STREME-6	chr9	35275409	35275422	+	12.3375	1.79e-05	0.179	AACATGGCTACTTC
6-AAGATGGCGGCSSB	STREME-6	chr5	34369941	34369954	-	12.325	1.8e-05	0.18	AATATGGCGGACAC
6-AAGATGGCGGCSSB	STREME-6	chr7	73538073	73538086	-	12.3125	1.81e-05	0.18	AAAATGGCTGTTCC
6-AAGATGGCGGCSSB	STREME-6	chr11	5789999	5790012	-	12.3	1.82e-05	0.18	AAGATGGCCCAGAT
6-AAGATGGCGGCSSB	STREME-6	chr4	137993480	137993493	-	12.3	1.82e-05	0.18	AACATGGCGCTGCG
6-AAGATGGCGGCSSB	STREME-6	chr17	83706254	83706267	+	12.2875	1.82e-05	0.181	GACATGGCGGCCAA
6-AAGATGGCGGCSSB	STREME-6	chr4	116994436	116994449	-	12.2875	1.82e-05	0.181	AATATGGCGCCGCC
6-AAGATGGCGGCSSB	STREME-6	chr3	90258684	90258697	-	12.2625	1.84e-05	0.182	AACATGGCCAAGAC
6-AAGATGGCGGCSSB	STREME-6	chr16	10835086	10835099	+	12.2375	1.86e-05	0.183	AGCATGGCGGCTGC
6-AAGATGGCGGCSSB	STREME-6	chr9	57073338	57073351	-	12.2375	1.86e-05	0.183	GAGATGGCCGCGCA
6-AAGATGGCGGCSSB	STREME-6	chrX	159303031	159303044	+	12.2125	1.88e-05	0.185	AAAATGGCGTTCAT
6-AAGATGGCGGCSSB	STREME-6	chr2	32775682	32775695	+	12.2	1.89e-05	0.185	GACATGGCGGACGC
6-AAGATGGCGGCSSB	STREME-6	chr17	12992202	12992215	+	12.175	1.91e-05	0.187	AAAATGGCGCTGAG
6-AAGATGGCGGCSSB	STREME-6	chr2	125866329	125866342	+	12.1625	1.91e-05	0.187	AATATGGCTGCGGA
6-AAGATGGCGGCSSB	STREME-6	chr1	128103051	128103064	+	12.1625	1.91e-05	0.187	AAAATGGCTGTCCT
6-AAGATGGCGGCSSB	STREME-6	chr11	120375473	120375486	-	12.15	1.93e-05	0.188	AAAATGGCCATGGC
6-AAGATGGCGGCSSB	STREME-6	chr13	99344658	99344671	-	12.125	1.95e-05	0.189	AACATGGCTACAGT
6-AAGATGGCGGCSSB	STREME-6	chr5	88583524	88583537	-	12.1	1.96e-05	0.19	AAAATGGCTGACTA
6-AAGATGGCGGCSSB	STREME-6	chr2	59840718	59840731	-	12.0875	1.97e-05	0.191	AAGATGGCTCAGCA
6-AAGATGGCGGCSSB	STREME-6	chr17	29263916	29263929	-	12.075	1.98e-05	0.191	AGCATGGCGGCGAT
6-AAGATGGCGGCSSB	STREME-6	chr11	98742242	98742255	+	12.05	2e-05	0.193	GAGATGGCGTCTGG
6-AAGATGGCGGCSSB	STREME-6	chr5	12383576	12383589	-	12.0375	2.01e-05	0.194	AGGATGGCGACCGC
6-AAGATGGCGGCSSB	STREME-6	chr13	44730753	44730766	-	12.025	2.02e-05	0.195	AAAATGGCTATGGC
6-AAGATGGCGGCSSB	STREME-6	chr7	30308659	30308672	+	12	2.04e-05	0.196	AGGATGGCGGATGC
6-AAGATGGCGGCSSB	STREME-6	chr12	118198965	118198978	+	12	2.04e-05	0.196	GAGATGGCTGCCCC
6-AAGATGGCGGCSSB	STREME-6	chr8	22653410	22653423	+	11.9875	2.05e-05	0.196	ACAATGGCGGCGCC
6-AAGATGGCGGCSSB	STREME-6	chr11	67588683	67588696	+	11.9875	2.05e-05	0.196	AACATGGCCCCTGG
6-AAGATGGCGGCSSB	STREME-6	chr9	61370776	61370789	-	11.9625	2.07e-05	0.197	AAAATGGCTCCTCT
6-AAGATGGCGGCSSB	STREME-6	chr6	6172967	6172980	-	11.95	2.08e-05	0.197	AAGATGGCTAACTT
6-AAGATGGCGGCSSB	STREME-6	chr7	127573294	127573307	-	11.9375	2.09e-05	0.198	AAAATGGCAGTCCA
6-AAGATGGCGGCSSB	STREME-6	chr17	71475098	71475111	-	11.925	2.1e-05	0.198	GAGATGGCGCCGTC
6-AAGATGGCGGCSSB	STREME-6	chr5	122726086	122726099	-	11.925	2.1e-05	0.198	AAAATGGCAATGGT
6-AAGATGGCGGCSSB	STREME-6	chr8	105565907	105565920	+	11.9125	2.11e-05	0.198	GACATGGCTGCGGC
6-AAGATGGCGGCSSB	STREME-6	chr5	124445875	124445888	+	11.9125	2.11e-05	0.198	GACATGGCTgcggc
6-AAGATGGCGGCSSB	STREME-6	chr17	29549935	29549948	+	11.9	2.12e-05	0.199	GAGATGGCCGCCGA
6-AAGATGGCGGCSSB	STREME-6	chr15	77765416	77765429	-	11.9	2.12e-05	0.199	AACATGGCAACAGA
6-AAGATGGCGGCSSB	STREME-6	chr3	93556200	93556213	-	11.9	2.12e-05	0.199	AAGATGGCACAGTT
6-AAGATGGCGGCSSB	STREME-6	chr3	88685840	88685853	-	11.8375	2.16e-05	0.202	GACATGGCGGCCTG
6-AAGATGGCGGCSSB	STREME-6	chr2	164833429	164833442	-	11.8375	2.16e-05	0.202	GAGATGGCTGCTCC
6-AAGATGGCGGCSSB	STREME-6	chr11	53300161	53300174	+	11.8125	2.18e-05	0.203	GACATGGCGCCGGC
6-AAGATGGCGGCSSB	STREME-6	chr11	120350128	120350141	-	11.8	2.19e-05	0.204	AATATGGCCGCGCG
6-AAGATGGCGGCSSB	STREME-6	chr7	45830914	45830927	+	11.775	2.21e-05	0.206	GAGATGGCCGCCAC
6-AAGATGGCGGCSSB	STREME-6	chr9	70935034	70935047	-	11.725	2.25e-05	0.209	AACATGGCTGAACT
6-AAGATGGCGGCSSB	STREME-6	chr2	118814097	118814110	+	11.7125	2.27e-05	0.21	AGCATGGCGGCTCC
6-AAGATGGCGGCSSB	STREME-6	chr11	6416096	6416109	-	11.6875	2.29e-05	0.21	AAAATGGCCCCTCG
6-AAGATGGCGGCSSB	STREME-6	chr14	45351265	45351278	+	11.6875	2.29e-05	0.21	AGCATGGCGGCCGG
6-AAGATGGCGGCSSB	STREME-6	chr19	45749545	45749558	-	11.6875	2.29e-05	0.21	AGCATGGCGGCCGG
6-AAGATGGCGGCSSB	STREME-6	chr2	132846807	132846820	-	11.6875	2.29e-05	0.21	AACATGGCCGTGTG
6-AAGATGGCGGCSSB	STREME-6	chr12	59061225	59061238	-	11.675	2.3e-05	0.211	GAAATGGCGGACGA
6-AAGATGGCGGCSSB	STREME-6	chr4	111886094	111886107	+	11.6625	2.31e-05	0.211	GAGATGGCGCCGAA
6-AAGATGGCGGCSSB	STREME-6	chr7	12478331	12478344	-	11.65	2.32e-05	0.212	ACAATGGCGGCCGC
6-AAGATGGCGGCSSB	STREME-6	chr11	85234753	85234766	+	11.65	2.32e-05	0.212	GAGATGGCGGTGTT
6-AAGATGGCGGCSSB	STREME-6	chr2	156312626	156312639	+	11.6125	2.35e-05	0.214	AGGATGGCGGCACT
6-AAGATGGCGGCSSB	STREME-6	chr18	36793766	36793779	-	11.575	2.38e-05	0.216	GAGATGGCGCAGGC
6-AAGATGGCGGCSSB	STREME-6	chr14	62760695	62760708	+	11.575	2.38e-05	0.216	GAGATGGCAGAGGT
6-AAGATGGCGGCSSB	STREME-6	chr10	80152126	80152139	+	11.575	2.38e-05	0.216	AAGATGGCAAAACT
6-AAGATGGCGGCSSB	STREME-6	chr2	121457126	121457139	+	11.55	2.4e-05	0.217	GAAATGGCGACCGA
6-AAGATGGCGGCSSB	STREME-6	chr7	30534999	30535012	-	11.5375	2.41e-05	0.218	ACCATGGCGGCGGA
6-AAGATGGCGGCSSB	STREME-6	chr7	29505540	29505553	+	11.525	2.42e-05	0.218	GAGATGGCTGCTCT
6-AAGATGGCGGCSSB	STREME-6	chr9	119322642	119322655	+	11.525	2.42e-05	0.218	AGCATGGCGGCCAC
6-AAGATGGCGGCSSB	STREME-6	chr2	163472477	163472490	+	11.525	2.42e-05	0.218	AGCATGGCGGCCAC
6-AAGATGGCGGCSSB	STREME-6	chr11	6416078	6416091	-	11.5125	2.43e-05	0.218	GAAATGGCGCCGCC
6-AAGATGGCGGCSSB	STREME-6	chr12	110601595	110601608	-	11.5125	2.43e-05	0.218	GACATGGCGGATCC
6-AAGATGGCGGCSSB	STREME-6	chr6	72416400	72416413	-	11.5	2.45e-05	0.219	AAAATGGCCCCCAG
6-AAGATGGCGGCSSB	STREME-6	chr8	105860678	105860691	-	11.475	2.47e-05	0.22	ACGATGGCGGCAGC
6-AAGATGGCGGCSSB	STREME-6	chr7	28766653	28766666	+	11.4625	2.48e-05	0.221	AATATGGCCGCCGG
6-AAGATGGCGGCSSB	STREME-6	chr19	37434971	37434984	-	11.425	2.51e-05	0.222	AAGATGTCGTCGAT
6-AAGATGGCGGCSSB	STREME-6	chr2	39122880	39122893	-	11.425	2.51e-05	0.222	AAGATGGCATCATG
6-AAGATGGCGGCSSB	STREME-6	chr11	113649557	113649570	+	11.425	2.51e-05	0.222	ACCATGGCGGCCGC
6-AAGATGGCGGCSSB	STREME-6	chr8	123065523	123065536	+	11.425	2.51e-05	0.222	ACCATGGCGGCCGC
6-AAGATGGCGGCSSB	STREME-6	chr3	95434533	95434546	+	11.4125	2.52e-05	0.223	ACCATGGCGGCGAC
6-AAGATGGCGGCSSB	STREME-6	chr11	68973665	68973678	+	11.4	2.53e-05	0.224	AGGATGGCGGAGAA
6-AAGATGGCGGCSSB	STREME-6	chr13	98926327	98926340	+	11.3875	2.54e-05	0.224	GAAATGGCTGCGGA
6-AAGATGGCGGCSSB	STREME-6	chr15	76626008	76626021	+	11.375	2.55e-05	0.225	GAGATGGCGACAGA
6-AAGATGGCGGCSSB	STREME-6	chr6	51469460	51469473	+	11.325	2.6e-05	0.227	GAAATGGCGCCGGG
6-AAGATGGCGGCSSB	STREME-6	chr4	128711479	128711492	-	11.325	2.6e-05	0.227	GAGATGGCGTAGGA
6-AAGATGGCGGCSSB	STREME-6	chr14	118132718	118132731	-	11.3125	2.61e-05	0.227	AAGATGTCCGCTGC
6-AAGATGGCGGCSSB	STREME-6	chr1	133296465	133296478	+	11.3125	2.61e-05	0.227	AAAATGGCTATGGG
6-AAGATGGCGGCSSB	STREME-6	chrX	37085156	37085169	+	11.3	2.61e-05	0.227	ACGATGGCGGAGGA
6-AAGATGGCGGCSSB	STREME-6	chr11	51756903	51756916	+	11.3	2.61e-05	0.227	GACATGGCGGCAAT
6-AAGATGGCGGCSSB	STREME-6	chr11	70605540	70605553	+	11.3	2.61e-05	0.227	aaCATGgctcctca
6-AAGATGGCGGCSSB	STREME-6	chr18	75000579	75000592	-	11.3	2.61e-05	0.227	ACGATGGCGGAGGA
6-AAGATGGCGGCSSB	STREME-6	chr16	4879731	4879744	+	11.2875	2.63e-05	0.228	GACATGGCGCCGCC
6-AAGATGGCGGCSSB	STREME-6	chr9	44299715	44299728	+	11.2875	2.63e-05	0.228	GACATGGCGGATGA
6-AAGATGGCGGCSSB	STREME-6	chr6	21949670	21949683	-	11.2625	2.65e-05	0.229	AATATGGCGCCTCC
6-AAGATGGCGGCSSB	STREME-6	chr8	122974191	122974204	+	11.225	2.69e-05	0.232	AATATGGCAGCTAC
6-AAGATGGCGGCSSB	STREME-6	chr8	86843990	86844003	+	11.2125	2.7e-05	0.232	AGCATGGCGGCCAT
6-AAGATGGCGGCSSB	STREME-6	chr7	102065368	102065381	+	11.2125	2.7e-05	0.232	AACATGGCACCAGT
6-AAGATGGCGGCSSB	STREME-6	chr7	123126309	123126322	-	11.2	2.72e-05	0.233	AAGATGGCCCAAGC
6-AAGATGGCGGCSSB	STREME-6	chr1	40226745	40226758	+	11.1875	2.73e-05	0.234	aagatggccttgag
6-AAGATGGCGGCSSB	STREME-6	chr15	83594795	83594808	+	11.175	2.74e-05	0.234	AGGATGGCGGCACA
6-AAGATGGCGGCSSB	STREME-6	chr4	46451670	46451683	-	11.15	2.77e-05	0.236	AACATGGCTCCCAG
6-AAGATGGCGGCSSB	STREME-6	chr17	35000691	35000704	+	11.1375	2.78e-05	0.237	aaaatggcgttact
6-AAGATGGCGGCSSB	STREME-6	chr4	11486039	11486052	+	11.1	2.81e-05	0.238	GACATGGCGGTGGA
6-AAGATGGCGGCSSB	STREME-6	chr16	18426441	18426454	+	11.1	2.81e-05	0.238	ACCAtggcggcgat
6-AAGATGGCGGCSSB	STREME-6	chr13	85212500	85212513	-	11.1	2.81e-05	0.238	GACATGGCAGCTGC
6-AAGATGGCGGCSSB	STREME-6	chr12	117534014	117534027	+	11.1	2.81e-05	0.238	AGGATGGCGGTGGG
6-AAGATGGCGGCSSB	STREME-6	chr2	125673197	125673210	+	11.05	2.86e-05	0.242	GAGATGGCAGAGCT
6-AAGATGGCGGCSSB	STREME-6	chr14	60297571	60297584	-	11.0375	2.87e-05	0.243	AAGATGGCCCACAG
6-AAGATGGCGGCSSB	STREME-6	chr2	164387128	164387141	-	11.025	2.89e-05	0.243	AGGATGGCGCCGGA
6-AAGATGGCGGCSSB	STREME-6	chr15	31224519	31224532	-	10.975	2.93e-05	0.247	GACATGGCGCCGCT
6-AAGATGGCGGCSSB	STREME-6	chr6	57692000	57692013	+	10.9625	2.94e-05	0.247	AGCATGGCGGCTCA
6-AAGATGGCGGCSSB	STREME-6	chr18	6516231	6516244	-	10.9625	2.94e-05	0.247	AAAATGGCACAGTC
6-AAGATGGCGGCSSB	STREME-6	chr4	32245768	32245781	-	10.95	2.95e-05	0.248	AAAATGGCCCCAGG
6-AAGATGGCGGCSSB	STREME-6	chr1	54354802	54354815	-	10.9375	2.97e-05	0.248	AACATGGCTGAAAA
6-AAGATGGCGGCSSB	STREME-6	chr2	14740391	14740404	+	10.925	2.98e-05	0.249	AAAATGGCTGTCTG
6-AAGATGGCGGCSSB	STREME-6	chr8	95713829	95713842	-	10.925	2.98e-05	0.249	AAAATGGCTGTCTG
6-AAGATGGCGGCSSB	STREME-6	chr1	156036118	156036131	-	10.875	3.03e-05	0.252	GAAATGGCGACAGC
6-AAGATGGCGGCSSB	STREME-6	chr3	103914588	103914601	+	10.8625	3.04e-05	0.253	GAAATGGCTGCGCA
6-AAGATGGCGGCSSB	STREME-6	chr18	12270042	12270055	+	10.85	3.05e-05	0.253	GAGATGGCTGCCTT
6-AAGATGGCGGCSSB	STREME-6	chr17	87672592	87672605	+	10.8	3.11e-05	0.257	GAAATGGCGGTGCA
6-AAGATGGCGGCSSB	STREME-6	chr13	98316877	98316890	+	10.8	3.11e-05	0.257	GAAATGGCGCCGCG
6-AAGATGGCGGCSSB	STREME-6	chr4	148626765	148626778	+	10.7625	3.15e-05	0.26	AAAATGGCGCTAGG
6-AAGATGGCGGCSSB	STREME-6	chr5	90339709	90339722	-	10.75	3.16e-05	0.261	AACATGGCAGTTTG
6-AAGATGGCGGCSSB	STREME-6	chr18	36677028	36677041	+	10.7375	3.17e-05	0.261	AACATGGCAAACAA
6-AAGATGGCGGCSSB	STREME-6	chr7	99182805	99182818	-	10.7375	3.17e-05	0.261	AACATGGCACAGTC
6-AAGATGGCGGCSSB	STREME-6	chrX	134808206	134808219	-	10.7375	3.17e-05	0.261	GAAATGGCGGTTGT
6-AAGATGGCGGCSSB	STREME-6	chr16	35871342	35871355	-	10.725	3.18e-05	0.261	AGGATGGCAGCGTC
6-AAGATGGCGGCSSB	STREME-6	chr11	94474733	94474746	-	10.7125	3.2e-05	0.261	AAGATGTCAGAGGC
6-AAGATGGCGGCSSB	STREME-6	chr5	143528005	143528018	+	10.7125	3.2e-05	0.261	GAAATGGCCGCTCC
6-AAGATGGCGGCSSB	STREME-6	chr1	165510355	165510368	+	10.7	3.21e-05	0.262	AACATGGCTCAGAT
6-AAGATGGCGGCSSB	STREME-6	chr6	29609593	29609606	-	10.6875	3.22e-05	0.262	GAGATGGCGCCAGT
6-AAGATGGCGGCSSB	STREME-6	chr2	91650131	91650144	+	10.6875	3.22e-05	0.262	GAAATGGCGGAAGT
6-AAGATGGCGGCSSB	STREME-6	chr19	8844694	8844707	+	10.65	3.27e-05	0.265	aaaatgtcagcgcc
6-AAGATGGCGGCSSB	STREME-6	chr5	74535670	74535683	-	10.65	3.27e-05	0.265	GACATGGCCGCCCC
6-AAGATGGCGGCSSB	STREME-6	chr3	14533967	14533980	+	10.6125	3.31e-05	0.268	AGGATGGCGACAGC
6-AAGATGGCGGCSSB	STREME-6	chr4	136286089	136286102	+	10.6125	3.31e-05	0.268	GAGATGGCAGAGCA
6-AAGATGGCGGCSSB	STREME-6	chr19	37965976	37965989	-	10.5625	3.36e-05	0.272	AAGATGTCAGCTCT
6-AAGATGGCGGCSSB	STREME-6	chr9	72662565	72662578	+	10.5125	3.42e-05	0.276	GACATGGCAGCCGA
6-AAGATGGCGGCSSB	STREME-6	chr7	27336052	27336065	-	10.5	3.44e-05	0.277	AGGATGGCGTCTGA
6-AAGATGGCGGCSSB	STREME-6	chr7	31114679	31114692	-	10.475	3.47e-05	0.279	GACATGGCGAAGGA
6-AAGATGGCGGCSSB	STREME-6	chr4	149306820	149306833	+	10.4625	3.48e-05	0.279	AATATGGCTGCCAG
6-AAGATGGCGGCSSB	STREME-6	chr14	55094959	55094972	+	10.425	3.53e-05	0.283	AATATGGCCGCTAG
6-AAGATGGCGGCSSB	STREME-6	chr4	57568367	57568380	+	10.375	3.59e-05	0.287	AGGATGGCAGAGGC
6-AAGATGGCGGCSSB	STREME-6	chr7	80260180	80260193	+	10.375	3.59e-05	0.287	AAAATGGCTCATGG
6-AAGATGGCGGCSSB	STREME-6	chr19	47464866	47464879	-	10.3625	3.6e-05	0.287	GAGATGGCAGTGGT
6-AAGATGGCGGCSSB	STREME-6	chr10	11343461	11343474	-	10.3375	3.63e-05	0.289	AGCATGGCGGTGGC
6-AAGATGGCGGCSSB	STREME-6	chr7	81493545	81493558	-	10.325	3.64e-05	0.289	AATATGGCCACGAC
6-AAGATGGCGGCSSB	STREME-6	chrX	101429555	101429568	+	10.3125	3.66e-05	0.29	GAAATGGCGGACTA
6-AAGATGGCGGCSSB	STREME-6	chr15	76199052	76199065	-	10.3	3.67e-05	0.29	AACATGGCATATCA
6-AAGATGGCGGCSSB	STREME-6	chr3	89177588	89177601	+	10.3	3.67e-05	0.29	AACATGGCTCAGAG
6-AAGATGGCGGCSSB	STREME-6	chr9	120571382	120571395	-	10.3	3.67e-05	0.29	GACATGGCGGTTCC
6-AAGATGGCGGCSSB	STREME-6	chr6	137648368	137648381	+	10.3	3.67e-05	0.29	AACATGGCTCAGAG
6-AAGATGGCGGCSSB	STREME-6	chr9	109082337	109082350	+	10.2625	3.72e-05	0.293	GACATGGCGCCTCC
6-AAGATGGCGGCSSB	STREME-6	chr19	34922351	34922364	-	10.25	3.74e-05	0.294	ACAATGGCGGCTCG
6-AAGATGGCGGCSSB	STREME-6	chr16	20535539	20535552	-	10.2375	3.75e-05	0.294	AAGATGTCCGCCCG
6-AAGATGGCGGCSSB	STREME-6	chr18	78055277	78055290	-	10.2375	3.75e-05	0.294	AAAATGGCTAAAGG
6-AAGATGGCGGCSSB	STREME-6	chr1	155158883	155158896	-	10.2375	3.75e-05	0.294	GACATGGCGCCCGG
6-AAGATGGCGGCSSB	STREME-6	chrX	36864181	36864194	+	10.225	3.77e-05	0.294	GAGATGGCGTCACA
6-AAGATGGCGGCSSB	STREME-6	chr7	126487444	126487457	+	10.225	3.77e-05	0.294	ACAATGGCGGCAGC
6-AAGATGGCGGCSSB	STREME-6	chr10	81176827	81176840	+	10.2125	3.78e-05	0.295	GACATGGCTGCCCT
6-AAGATGGCGGCSSB	STREME-6	chr6	120771444	120771457	-	10.1875	3.82e-05	0.297	AACATGGCCATCAC
6-AAGATGGCGGCSSB	STREME-6	chr4	152039351	152039364	+	10.1875	3.82e-05	0.297	AGCATGGCGGAGTC
6-AAGATGGCGGCSSB	STREME-6	chr12	100202061	100202074	-	10.175	3.83e-05	0.298	GAAATGGCGCCTCT
6-AAGATGGCGGCSSB	STREME-6	chr1	65186470	65186483	+	10.1625	3.85e-05	0.298	AGGATGGCTGAGGC
6-AAGATGGCGGCSSB	STREME-6	chr4	155852392	155852405	+	10.15	3.86e-05	0.299	GAGATGGCTGTGGT
6-AAGATGGCGGCSSB	STREME-6	chr6	108417718	108417731	+	10.1375	3.88e-05	0.3	GACATGGCTGCTGA
6-AAGATGGCGGCSSB	STREME-6	chr5	121384075	121384088	-	10.125	3.89e-05	0.3	GAGATGGCCGAGTT
6-AAGATGGCGGCSSB	STREME-6	chr7	44892479	44892492	-	10.1125	3.9e-05	0.301	AACATGGCCGTATC
6-AAGATGGCGGCSSB	STREME-6	chr6	125008985	125008998	+	10.1	3.92e-05	0.301	AAGATGTCCGAGCC
6-AAGATGGCGGCSSB	STREME-6	chr1	132116945	132116958	-	10.1	3.92e-05	0.301	GAGATGGCCACCGG
6-AAGATGGCGGCSSB	STREME-6	chr3	89322822	89322835	-	10.0875	3.94e-05	0.301	GGGATGGCGGCGGC
6-AAGATGGCGGCSSB	STREME-6	chr10	93081585	93081598	-	10.0875	3.94e-05	0.301	GACATGGCGTCCTC
6-AAGATGGCGGCSSB	STREME-6	chr8	109737691	109737704	-	10.0875	3.94e-05	0.301	GGGATGGCGGCGGC
6-AAGATGGCGGCSSB	STREME-6	chr4	137357376	137357389	-	10.0875	3.94e-05	0.301	GGGATGGCGGCGGC
6-AAGATGGCGGCSSB	STREME-6	chr4	104876539	104876552	+	10.075	3.95e-05	0.302	AAAATGGCCCCAAG
6-AAGATGGCGGCSSB	STREME-6	chr12	102878310	102878323	-	10.0375	4e-05	0.305	AGAATGGCCGCGGG
6-AAGATGGCGGCSSB	STREME-6	chr18	74216177	74216190	-	10	4.05e-05	0.308	AGCATGGCCGCGCC
6-AAGATGGCGGCSSB	STREME-6	chr13	23622492	23622505	+	9.9875	4.06e-05	0.308	GACATGGCGAAGCG
6-AAGATGGCGGCSSB	STREME-6	chr11	68975943	68975956	-	9.9875	4.06e-05	0.308	GAGATGGCAGATAC
6-AAGATGGCGGCSSB	STREME-6	chr9	75684074	75684087	+	9.9875	4.06e-05	0.308	AGGATGGCGTCAGC
6-AAGATGGCGGCSSB	STREME-6	chr2	92460624	92460637	-	9.9875	4.06e-05	0.308	GAGATGGCGTTGAC
6-AAGATGGCGGCSSB	STREME-6	chr15	38932651	38932664	-	9.975	4.08e-05	0.308	AACATGGCTAAAGA
6-AAGATGGCGGCSSB	STREME-6	chr10	81290088	81290101	+	9.975	4.08e-05	0.308	AAGATGTCGCCCCA
6-AAGATGGCGGCSSB	STREME-6	chr4	131820201	131820214	+	9.9625	4.1e-05	0.309	AAGATGTCGTCTAA
6-AAGATGGCGGCSSB	STREME-6	chr9	108567505	108567518	+	9.95	4.11e-05	0.309	AAAATGGCTCCAAG
6-AAGATGGCGGCSSB	STREME-6	chr8	3587802	3587815	-	9.925	4.15e-05	0.312	ACCATGGCGACGCC
6-AAGATGGCGGCSSB	STREME-6	chr19	6941997	6942010	-	9.9	4.18e-05	0.314	AGGATGGCCGCCCG
6-AAGATGGCGGCSSB	STREME-6	chr2	104742743	104742756	-	9.8875	4.19e-05	0.314	GACATGGCCACGGT
6-AAGATGGCGGCSSB	STREME-6	chr12	72184972	72184985	-	9.875	4.21e-05	0.315	AAGATGGCCATACG
6-AAGATGGCGGCSSB	STREME-6	chr2	158794885	158794898	+	9.875	4.21e-05	0.315	AGCATGGCTGCGCC
6-AAGATGGCGGCSSB	STREME-6	chrX	48695184	48695197	+	9.8625	4.22e-05	0.315	AGGATGGCCGCCCA
6-AAGATGGCGGCSSB	STREME-6	chr12	87388261	87388274	+	9.85	4.24e-05	0.316	GAAATGGCTGCAGC
6-AAGATGGCGGCSSB	STREME-6	chr4	34550617	34550630	-	9.8375	4.26e-05	0.317	AATATGGCGTCAAT
6-AAGATGGCGGCSSB	STREME-6	chr17	3115235	3115248	-	9.8125	4.3e-05	0.319	AGCATGGCCGCGGG
6-AAGATGGCGGCSSB	STREME-6	chr11	78284958	78284971	+	9.8125	4.3e-05	0.319	GAGATGGCAGAGTG
6-AAGATGGCGGCSSB	STREME-6	chr9	83925166	83925179	+	9.775	4.35e-05	0.322	GGGATGGCGGCGGT
6-AAGATGGCGGCSSB	STREME-6	chr2	104712206	104712219	-	9.775	4.35e-05	0.322	AGCATGGCGCCGCC
6-AAGATGGCGGCSSB	STREME-6	chr7	12922059	12922072	+	9.7625	4.37e-05	0.322	GATATGGCGGCGTC
6-AAGATGGCGGCSSB	STREME-6	chr5	136881901	136881914	-	9.7625	4.37e-05	0.322	GAGATGGCACCGAC
6-AAGATGGCGGCSSB	STREME-6	chr13	94976290	94976303	+	9.75	4.39e-05	0.323	GACATGGCCGCAGC
6-AAGATGGCGGCSSB	STREME-6	chr11	108425049	108425062	-	9.75	4.39e-05	0.323	GAAATGGCGCCAGC
6-AAGATGGCGGCSSB	STREME-6	chr7	116034478	116034491	-	9.7375	4.4e-05	0.323	GACATGGCCGCTCA
6-AAGATGGCGGCSSB	STREME-6	chr1	167308568	167308581	-	9.7375	4.4e-05	0.323	AGGATGGCGGTGTG
6-AAGATGGCGGCSSB	STREME-6	chr5	45857465	45857478	-	9.725	4.42e-05	0.324	AGAATGGCCGCTGC
6-AAGATGGCGGCSSB	STREME-6	chr14	54618157	54618170	-	9.7	4.45e-05	0.326	AAAATGGCAATCTT
6-AAGATGGCGGCSSB	STREME-6	chr10	89531511	89531524	+	9.6875	4.47e-05	0.327	GAAATGGCTGCCAG
6-AAGATGGCGGCSSB	STREME-6	chr12	31075567	31075580	-	9.6625	4.51e-05	0.329	GAAATGGCCGCAGT
6-AAGATGGCGGCSSB	STREME-6	chr17	28691736	28691749	+	9.65	4.53e-05	0.329	AAGATGTCGCAGGA
6-AAGATGGCGGCSSB	STREME-6	chr19	46076026	46076039	+	9.65	4.53e-05	0.329	AGCATGGCGGATAC
6-AAGATGGCGGCSSB	STREME-6	chrX	57053589	57053602	+	9.65	4.53e-05	0.329	ACAATGGCGACTGC
6-AAGATGGCGGCSSB	STREME-6	chr7	6729268	6729281	+	9.6375	4.54e-05	0.329	GAGATGGCAGCATT
6-AAGATGGCGGCSSB	STREME-6	chr3	14578887	14578900	-	9.6375	4.54e-05	0.329	AGGATGGCGCCCCA
6-AAGATGGCGGCSSB	STREME-6	chr7	144919032	144919045	-	9.6375	4.54e-05	0.329	AGGATGGCAGCCAG
6-AAGATGGCGGCSSB	STREME-6	chr8	93976283	93976296	-	9.625	4.56e-05	0.33	AAAATGGCCTTTAC
6-AAGATGGCGGCSSB	STREME-6	chr11	69758896	69758909	-	9.6125	4.58e-05	0.33	AAAATGGCCTAACT
6-AAGATGGCGGCSSB	STREME-6	chr12	111420275	111420288	-	9.6125	4.58e-05	0.33	GAGATGGCACCTGC
6-AAGATGGCGGCSSB	STREME-6	chr9	53384325	53384338	-	9.6	4.59e-05	0.33	GAGATGGCCACGTG
6-AAGATGGCGGCSSB	STREME-6	chr9	75185639	75185652	-	9.6	4.59e-05	0.33	GAGATGGCTGAGTG
6-AAGATGGCGGCSSB	STREME-6	chr8	13677436	13677449	-	9.5875	4.61e-05	0.33	AGCATGGCGGTGGA
6-AAGATGGCGGCSSB	STREME-6	chr7	82410673	82410686	+	9.5875	4.61e-05	0.33	GAGATGGCTTCTGT
6-AAGATGGCGGCSSB	STREME-6	chr7	131410742	131410755	+	9.5875	4.61e-05	0.33	AGGATGGCGGTCTC
6-AAGATGGCGGCSSB	STREME-6	chr1	36547174	36547187	-	9.5625	4.66e-05	0.333	GGGATGGCGGCGCC
6-AAGATGGCGGCSSB	STREME-6	chr10	30200469	30200482	-	9.55	4.68e-05	0.334	AGGATGGCGCCCTC
6-AAGATGGCGGCSSB	STREME-6	chr17	34122582	34122595	+	9.5375	4.7e-05	0.334	AGCATGGCTGCCGC
6-AAGATGGCGGCSSB	STREME-6	chr5	53266988	53267001	+	9.5375	4.7e-05	0.334	ACGATGGCAGCCGG
6-AAGATGGCGGCSSB	STREME-6	chr3	117360388	117360401	+	9.5375	4.7e-05	0.334	GAGATGGCTTCCCC
6-AAGATGGCGGCSSB	STREME-6	chr1	75435431	75435444	-	9.4875	4.77e-05	0.339	GAAATGGCGATGGA
6-AAGATGGCGGCSSB	STREME-6	chr11	58330407	58330420	+	9.475	4.78e-05	0.339	ACGATGGCCGCTCC
6-AAGATGGCGGCSSB	STREME-6	chr1	171234416	171234429	-	9.475	4.78e-05	0.339	AAAATGGCCCTTCC
6-AAGATGGCGGCSSB	STREME-6	chr14	26579761	26579774	+	9.45	4.82e-05	0.341	ACGATGGCCGCCGG
6-AAGATGGCGGCSSB	STREME-6	chr7	126475194	126475207	-	9.45	4.82e-05	0.341	ACGATGGCGGAAGT
6-AAGATGGCGGCSSB	STREME-6	chr9	4376507	4376520	-	9.4375	4.84e-05	0.341	GAGATGGCTGTTGC
6-AAGATGGCGGCSSB	STREME-6	chr5	123974640	123974653	+	9.4375	4.84e-05	0.341	GAAATGGCTGCTTT
6-AAGATGGCGGCSSB	STREME-6	chr6	85513656	85513669	-	9.425	4.86e-05	0.342	GAAATGGCAGTGGC
6-AAGATGGCGGCSSB	STREME-6	chr14	45602178	45602191	-	9.3875	4.92e-05	0.344	AAGATGGCACTCTA
6-AAGATGGCGGCSSB	STREME-6	chr6	113531471	113531484	-	9.3875	4.92e-05	0.344	AAGATGGCGGGGCC
6-AAGATGGCGGCSSB	STREME-6	chr6	113531471	113531484	-	9.3875	4.92e-05	0.344	AAGATGGCGGGGCC
6-AAGATGGCGGCSSB	STREME-6	chr2	125673188	125673201	+	9.3875	4.92e-05	0.344	ACCATGGCGGAGAT
6-AAGATGGCGGCSSB	STREME-6	chr7	109519210	109519223	-	9.3625	4.95e-05	0.346	ACCATGGCGGTGGC
6-AAGATGGCGGCSSB	STREME-6	chr1	131797414	131797427	+	9.3625	4.95e-05	0.346	GACATGGCTGAGCT
6-AAGATGGCGGCSSB	STREME-6	chr8	106150487	106150500	-	9.35	4.97e-05	0.347	GAGATGGCGATCCA
6-AAGATGGCGGCSSB	STREME-6	chr15	55072125	55072138	-	9.3375	4.99e-05	0.348	AAGATGTCCGCAGG
6-AAGATGGCGGCSSB	STREME-6	chr19	46670885	46670898	+	9.325	5.01e-05	0.349	GAAATGGCTGCACC
6-AAGATGGCGGCSSB	STREME-6	chr1	4807925	4807938	+	9.3125	5.03e-05	0.349	AACATGTCCGCTCC
6-AAGATGGCGGCSSB	STREME-6	chr8	45332839	45332852	-	9.3125	5.03e-05	0.349	GAAATGGCAGCAGA
6-AAGATGGCGGCSSB	STREME-6	chr10	20149010	20149023	+	9.3	5.05e-05	0.35	ACCATGGCGGAGCA
6-AAGATGGCGGCSSB	STREME-6	chr11	82795908	82795921	+	9.2875	5.07e-05	0.35	AAAATGGCTTTGTA
6-AAGATGGCGGCSSB	STREME-6	chr10	128035712	128035725	-	9.2875	5.07e-05	0.35	AGGATGGCTACGGA
6-AAGATGGCGGCSSB	STREME-6	chr6	17307051	17307064	-	9.275	5.09e-05	0.35	ACAATGGCGGTGGT
6-AAGATGGCGGCSSB	STREME-6	chr3	95434518	95434531	-	9.275	5.09e-05	0.35	GAGATGGCACCGTC
6-AAGATGGCGGCSSB	STREME-6	chr3	107631763	107631776	-	9.275	5.09e-05	0.35	AATATGGCGATTGG
6-AAGATGGCGGCSSB	STREME-6	chr8	109737758	109737771	+	9.275	5.09e-05	0.35	GAGATGGCGTTGAG
6-AAGATGGCGGCSSB	STREME-6	chr3	89202853	89202866	+	9.2625	5.11e-05	0.351	AATATGGCTTCGAT
6-AAGATGGCGGCSSB	STREME-6	chrX	20848583	20848596	+	9.25	5.13e-05	0.352	AAGATGGAGGCGGT
6-AAGATGGCGGCSSB	STREME-6	chr2	130906557	130906570	+	9.25	5.13e-05	0.352	AAGATggtggcggt
6-AAGATGGCGGCSSB	STREME-6	chr8	70225137	70225150	+	9.2375	5.15e-05	0.352	GACATGGCGCACGC
6-AAGATGGCGGCSSB	STREME-6	chr5	17835921	17835934	-	9.225	5.18e-05	0.353	AACATGGCCAAAAA
6-AAGATGGCGGCSSB	STREME-6	chr13	112801101	112801114	-	9.225	5.18e-05	0.353	GGGATGGCGGCCGC
6-AAGATGGCGGCSSB	STREME-6	chr3	95015781	95015794	-	9.2	5.21e-05	0.355	AGGATGGCTACGCT
6-AAGATGGCGGCSSB	STREME-6	chr4	145194492	145194505	+	9.175	5.26e-05	0.358	AAGATGGCTCTCTA
6-AAGATGGCGGCSSB	STREME-6	chr3	89419738	89419751	-	9.1625	5.28e-05	0.358	GAAATGGCGAAAGC
6-AAGATGGCGGCSSB	STREME-6	chr8	127064402	127064415	+	9.15	5.29e-05	0.358	GAGATGGCCGCATG
6-AAGATGGCGGCSSB	STREME-6	chr14	20546429	20546442	-	9.1375	5.31e-05	0.358	AGCATGGCCGCCCC
6-AAGATGGCGGCSSB	STREME-6	chr8	117347831	117347844	+	9.1375	5.31e-05	0.358	AGAATGGCAGCCCT
6-AAGATGGCGGCSSB	STREME-6	chr5	134907286	134907299	-	9.1375	5.31e-05	0.358	AGAATGGCGCCCCC
6-AAGATGGCGGCSSB	STREME-6	chr9	51963351	51963364	+	9.125	5.33e-05	0.358	GAGATGGCAGTTCC
6-AAGATGGCGGCSSB	STREME-6	chr5	108269099	108269112	-	9.125	5.33e-05	0.358	AACATGTCTGCCGA
6-AAGATGGCGGCSSB	STREME-6	chr17	34898495	34898508	+	9.1125	5.35e-05	0.358	gcgatggcggcggc
6-AAGATGGCGGCSSB	STREME-6	chr14	54894152	54894165	+	9.1125	5.35e-05	0.358	gcgatggcggcggc
6-AAGATGGCGGCSSB	STREME-6	chr1	66700903	66700916	+	9.1125	5.35e-05	0.358	ACCATGGCGTCGGG
6-AAGATGGCGGCSSB	STREME-6	chr2	92434012	92434025	-	9.1125	5.35e-05	0.358	GCGATGGCGGCGGC
6-AAGATGGCGGCSSB	STREME-6	chr9	104063155	104063168	-	9.1125	5.35e-05	0.358	GCGATGGCGGCGGC
6-AAGATGGCGGCSSB	STREME-6	chr4	154011812	154011825	+	9.1125	5.35e-05	0.358	GCGATGGCGGCGGC
6-AAGATGGCGGCSSB	STREME-6	chr1	52006980	52006993	+	9.1	5.37e-05	0.359	AGAATGGCAGCCAC
6-AAGATGGCGGCSSB	STREME-6	chr8	8690069	8690082	+	9.075	5.41e-05	0.361	AAGATGTCGATGCG
6-AAGATGGCGGCSSB	STREME-6	chr18	74216095	74216108	-	9.075	5.41e-05	0.361	AATATGGCCGCATT
6-AAGATGGCGGCSSB	STREME-6	chr7	16738526	16738539	-	9.0625	5.44e-05	0.361	ACCATGGCGACCCC
6-AAGATGGCGGCSSB	STREME-6	chr18	37908368	37908381	+	9.0625	5.44e-05	0.361	AATATGGCGTACTT
6-AAGATGGCGGCSSB	STREME-6	chr17	80728214	80728227	-	9.0625	5.44e-05	0.361	GGGATGGCGGCTGC
6-AAGATGGCGGCSSB	STREME-6	chr9	111187015	111187028	+	9.0625	5.44e-05	0.361	AGCATGGCTGCTGT
6-AAGATGGCGGCSSB	STREME-6	chr2	29802486	29802499	+	9.05	5.46e-05	0.361	GAAATGGCAGAGAG
6-AAGATGGCGGCSSB	STREME-6	chr12	87472004	87472017	-	9.05	5.46e-05	0.361	GACATGGCCTCGCC
6-AAGATGGCGGCSSB	STREME-6	chrX	56455790	56455803	-	9.0375	5.49e-05	0.362	AAAATGTCCGCCAT
6-AAGATGGCGGCSSB	STREME-6	chr9	122160518	122160531	-	9.0375	5.49e-05	0.362	ACGATGGCGTCTCG
6-AAGATGGCGGCSSB	STREME-6	chr10	130322674	130322687	-	9.0375	5.49e-05	0.362	GAAATGGCTGCTTG
6-AAGATGGCGGCSSB	STREME-6	chr14	24487182	24487195	+	9.0125	5.53e-05	0.363	AAAATGGCTTTTTC
6-AAGATGGCGGCSSB	STREME-6	chr11	72215336	72215349	+	9.0125	5.53e-05	0.363	AGGATGGCCTCGCC
6-AAGATGGCGGCSSB	STREME-6	chr11	95310016	95310029	-	9.0125	5.53e-05	0.363	GAAATGGCAGAGAA
6-AAGATGGCGGCSSB	STREME-6	chr18	12128779	12128792	-	8.975	5.59e-05	0.367	CAGATGGCGGCGGC
6-AAGATGGCGGCSSB	STREME-6	chr16	37580318	37580331	+	8.9625	5.61e-05	0.368	GAAATGGCAGAGTT
6-AAGATGGCGGCSSB	STREME-6	chrX	106015728	106015741	-	8.95	5.63e-05	0.368	AAAATGGCTTTCAG
6-AAGATGGCGGCSSB	STREME-6	chr11	23665833	23665846	-	8.9125	5.7e-05	0.372	GAGATGGCCTCCCA
6-AAGATGGCGGCSSB	STREME-6	chr8	123806141	123806154	-	8.9125	5.7e-05	0.372	GACATGGCGGTCTG
6-AAGATGGCGGCSSB	STREME-6	chr8	85299452	85299465	+	8.9	5.72e-05	0.372	ACCATGGCGACTCC
6-AAGATGGCGGCSSB	STREME-6	chr11	28583695	28583708	-	8.8875	5.75e-05	0.372	AGGATGGCCACGCA
6-AAGATGGCGGCSSB	STREME-6	chr3	35754134	35754147	+	8.8875	5.75e-05	0.372	AAGGTGGCGGCGGC
6-AAGATGGCGGCSSB	STREME-6	chr6	52221729	52221742	-	8.8875	5.75e-05	0.372	AAAATGTCGACTTG
6-AAGATGGCGGCSSB	STREME-6	chr17	79615447	79615460	+	8.8875	5.75e-05	0.372	AAGAAGGCGGCGGC
6-AAGATGGCGGCSSB	STREME-6	chr13	98815215	98815228	-	8.8875	5.75e-05	0.372	AAGAAGGCGGCGGC
6-AAGATGGCGGCSSB	STREME-6	chr6	113237861	113237874	+	8.8875	5.75e-05	0.372	AAGAAGGCGGCGGC
6-AAGATGGCGGCSSB	STREME-6	chr5	122354425	122354438	+	8.8875	5.75e-05	0.372	AAGAGGGCGGCGGC
6-AAGATGGCGGCSSB	STREME-6	chr4	41640384	41640397	-	8.875	5.77e-05	0.373	GAGATGGCTCCTCC
6-AAGATGGCGGCSSB	STREME-6	chr4	59003227	59003240	+	8.85	5.82e-05	0.374	GGGATGGCGGCGCG
6-AAGATGGCGGCSSB	STREME-6	chr1	69827000	69827013	+	8.85	5.82e-05	0.374	AGCATGGCTGCTCC
6-AAGATGGCGGCSSB	STREME-6	chr18	80207187	80207200	+	8.85	5.82e-05	0.374	AAGATGTCGTACAT
6-AAGATGGCGGCSSB	STREME-6	chr15	39198914	39198927	+	8.8375	5.85e-05	0.376	AATATGGCCGTGCA
6-AAGATGGCGGCSSB	STREME-6	chr11	53519887	53519900	-	8.8125	5.9e-05	0.379	AATATGGCCACTTC
6-AAGATGGCGGCSSB	STREME-6	chr11	4986987	4987000	-	8.8	5.92e-05	0.379	AAAATGTCCGCAGC
6-AAGATGGCGGCSSB	STREME-6	chr11	78347501	78347514	-	8.8	5.92e-05	0.379	AAGATGTCCACCCT
6-AAGATGGCGGCSSB	STREME-6	chr16	57231255	57231268	+	8.7375	6.03e-05	0.385	AGGATGGCGAACAG
6-AAGATGGCGGCSSB	STREME-6	chr19	42086329	42086342	-	8.725	6.06e-05	0.385	GGGATGGCGGCGTC
6-AAGATGGCGGCSSB	STREME-6	chr14	55886756	55886769	+	8.725	6.06e-05	0.385	ACAATGGCGGAGTG
6-AAGATGGCGGCSSB	STREME-6	chr7	59228821	59228834	+	8.725	6.06e-05	0.385	AAGATGGTGGCGCT
6-AAGATGGCGGCSSB	STREME-6	chr11	98863522	98863535	+	8.725	6.06e-05	0.385	AAGATGGTGGCGCT
6-AAGATGGCGGCSSB	STREME-6	chr1	121567864	121567877	-	8.725	6.06e-05	0.385	AAGATGTCGCAGTT
6-AAGATGGCGGCSSB	STREME-6	chr7	141902297	141902310	-	8.7125	6.08e-05	0.386	ACCATGGCGACCAC
6-AAGATGGCGGCSSB	STREME-6	chr14	70636031	70636044	-	8.7	6.11e-05	0.386	GGGATGGCGGCCCC
6-AAGATGGCGGCSSB	STREME-6	chr7	80321019	80321032	-	8.7	6.11e-05	0.386	GACATGGCCGAGAA
6-AAGATGGCGGCSSB	STREME-6	chr7	81829380	81829393	-	8.7	6.11e-05	0.386	AGGATGGCCTCGCT
6-AAGATGGCGGCSSB	STREME-6	chr2	102401004	102401017	+	8.7	6.11e-05	0.386	AAGATcgcggccgc
6-AAGATGGCGGCSSB	STREME-6	chr9	72491941	72491954	-	8.675	6.16e-05	0.388	AAGATGGCGGGGCG
6-AAGATGGCGGCSSB	STREME-6	chr18	80469846	80469859	-	8.675	6.16e-05	0.388	GACATGGCTGTGGT
6-AAGATGGCGGCSSB	STREME-6	chr1	170323979	170323992	+	8.675	6.16e-05	0.388	GAAATGGCAGTGGA
6-AAGATGGCGGCSSB	STREME-6	chr3	96219906	96219919	-	8.6625	6.19e-05	0.389	GACATGGCGGAATA
6-AAGATGGCGGCSSB	STREME-6	chr11	3504828	3504841	-	8.65	6.2e-05	0.39	GAAATGGCTGATGA
6-AAGATGGCGGCSSB	STREME-6	chrX	164373155	164373168	-	8.6375	6.23e-05	0.391	AGGATGGCAGATGG
6-AAGATGGCGGCSSB	STREME-6	chr15	8109183	8109196	-	8.625	6.25e-05	0.391	GAGATGGCCTAGGG
6-AAGATGGCGGCSSB	STREME-6	chr8	85081160	85081173	+	8.6125	6.27e-05	0.392	AACATGTCGCAGGT
6-AAGATGGCGGCSSB	STREME-6	chr16	96082408	96082421	-	8.6125	6.27e-05	0.392	GGCATGGCGGCGGC
6-AAGATGGCGGCSSB	STREME-6	chr6	52221802	52221815	-	8.6	6.29e-05	0.392	GAGATGGCAGTGTG
6-AAGATGGCGGCSSB	STREME-6	chr3	158561923	158561936	-	8.6	6.29e-05	0.392	AGAATGGCTGAGGT
6-AAGATGGCGGCSSB	STREME-6	chr17	25248198	25248211	-	8.5875	6.32e-05	0.393	GAAATGGCAGTGCT
6-AAGATGGCGGCSSB	STREME-6	chr5	34187954	34187967	-	8.575	6.34e-05	0.394	ACGATGGCCGCCAG
6-AAGATGGCGGCSSB	STREME-6	chr11	59306900	59306913	+	8.575	6.34e-05	0.394	AAGAGGGCGGCGGT
6-AAGATGGCGGCSSB	STREME-6	chr16	8637771	8637784	+	8.5625	6.37e-05	0.394	GAAATGGCCACTCT
6-AAGATGGCGGCSSB	STREME-6	chr13	30136663	30136676	+	8.5625	6.37e-05	0.394	AGGATGGCAGCACG
6-AAGATGGCGGCSSB	STREME-6	chr8	54600797	54600810	+	8.5625	6.37e-05	0.394	ACCATGGCTGCCGC
6-AAGATGGCGGCSSB	STREME-6	chr5	66617186	66617199	-	8.55	6.39e-05	0.395	GAAATGGCATCTGT
6-AAGATGGCGGCSSB	STREME-6	chr2	73386567	73386580	+	8.55	6.39e-05	0.395	GACATGGCCCCGCC
6-AAGATGGCGGCSSB	STREME-6	chr9	64737803	64737816	+	8.5375	6.42e-05	0.396	GAGATGGCACCCCG
6-AAGATGGCGGCSSB	STREME-6	chr9	62122798	62122811	-	8.525	6.44e-05	0.396	AATATGGCCCCTCC
6-AAGATGGCGGCSSB	STREME-6	chr8	70523274	70523287	+	8.525	6.44e-05	0.396	AACATGGCTTTTAA
6-AAGATGGCGGCSSB	STREME-6	chr9	72275195	72275208	-	8.525	6.44e-05	0.396	AAGATGGCGGGCCC
6-AAGATGGCGGCSSB	STREME-6	chr2	119208754	119208767	-	8.4875	6.51e-05	0.4	ACCATGGCGGTGAC
6-AAGATGGCGGCSSB	STREME-6	chr8	86624174	86624187	-	8.4625	6.55e-05	0.402	GACATGGCCACTGG
6-AAGATGGCGGCSSB	STREME-6	chr9	96573502	96573515	+	8.45	6.58e-05	0.403	AAAATGGCATTAAC
6-AAGATGGCGGCSSB	STREME-6	chr2	125858978	125858991	-	8.45	6.58e-05	0.403	AAGATGTCTGACAT
6-AAGATGGCGGCSSB	STREME-6	chr2	130014580	130014593	+	8.4375	6.6e-05	0.404	GAGATGGCTTCCAA
6-AAGATGGCGGCSSB	STREME-6	chr11	7158135	7158148	-	8.425	6.62e-05	0.405	GACATGGCCACTGA
6-AAGATGGCGGCSSB	STREME-6	chr6	56124805	56124818	-	8.4125	6.65e-05	0.405	AGAATGGCAGAGGG
6-AAGATGGCGGCSSB	STREME-6	chr4	56864928	56864941	-	8.4	6.67e-05	0.405	GCGATGGCGGCGGG
6-AAGATGGCGGCSSB	STREME-6	chr1	72212151	72212164	+	8.4	6.67e-05	0.405	gcgatggcggcggg
6-AAGATGGCGGCSSB	STREME-6	chr11	86683610	86683623	-	8.4	6.67e-05	0.405	GAGATGGCTCAGGT
6-AAGATGGCGGCSSB	STREME-6	chr1	195131367	195131380	+	8.4	6.67e-05	0.405	GAAATGGCGCTGGG
6-AAGATGGCGGCSSB	STREME-6	chr10	61648894	61648907	-	8.3875	6.7e-05	0.406	GGGATGGCGGCCCT
6-AAGATGGCGGCSSB	STREME-6	chr11	110479342	110479355	+	8.3875	6.7e-05	0.406	AGGATGGCTTCTGC
6-AAGATGGCGGCSSB	STREME-6	chr18	9958189	9958202	+	8.375	6.73e-05	0.407	AAGATGTCTCCGAC
6-AAGATGGCGGCSSB	STREME-6	chr17	46681018	46681031	+	8.375	6.73e-05	0.407	GGGATGGCGGAGGC
6-AAGATGGCGGCSSB	STREME-6	chr3	90258562	90258575	-	8.3625	6.76e-05	0.408	AACATGTCAGAGAC
6-AAGATGGCGGCSSB	STREME-6	chr8	112011556	112011569	-	8.3625	6.76e-05	0.408	GACATGGCGCTGCC
6-AAGATGGCGGCSSB	STREME-6	chr3	32736989	32737002	+	8.35	6.79e-05	0.409	AATATGGCCTCCTC
6-AAGATGGCGGCSSB	STREME-6	chr15	50889641	50889654	+	8.325	6.84e-05	0.411	AAGATGGTGGCGCG
6-AAGATGGCGGCSSB	STREME-6	chr15	81960632	81960645	+	8.325	6.84e-05	0.411	GACATGGCAGTGAC
6-AAGATGGCGGCSSB	STREME-6	chr9	107587738	107587751	+	8.325	6.84e-05	0.411	AAGATGGTGGCGCG
6-AAGATGGCGGCSSB	STREME-6	chr5	149051718	149051731	-	8.3125	6.87e-05	0.412	AAAATGGGGGCGGC
6-AAGATGGCGGCSSB	STREME-6	chr8	60983979	60983992	+	8.3	6.9e-05	0.413	AGGATGGCAGTCGC
6-AAGATGGCGGCSSB	STREME-6	chr18	34006841	34006854	+	8.2875	6.93e-05	0.414	GAGATGGCCAAGTT
6-AAGATGGCGGCSSB	STREME-6	chr2	144556129	144556142	+	8.2875	6.93e-05	0.414	AAGATGGAGGCGCA
6-AAGATGGCGGCSSB	STREME-6	chr13	23555086	23555099	+	8.275	6.95e-05	0.414	AACATGTCCGAGAC
6-AAGATGGCGGCSSB	STREME-6	chr8	60954714	60954727	-	8.275	6.95e-05	0.414	AATATGGCATCTTC
6-AAGATGGCGGCSSB	STREME-6	chr14	49244431	49244444	-	8.2625	6.97e-05	0.415	GAAATGGCTGCAAG
6-AAGATGGCGGCSSB	STREME-6	chr12	71048231	71048244	+	8.2625	6.97e-05	0.415	AGAATGGCGGTTCA
6-AAGATGGCGGCSSB	STREME-6	chr4	129696764	129696777	+	8.2375	7.03e-05	0.418	AATATGTCGGAGGC
6-AAGATGGCGGCSSB	STREME-6	chr6	81923703	81923716	+	8.225	7.05e-05	0.418	AACATGGCTCTCAG
6-AAGATGGCGGCSSB	STREME-6	chr7	127013017	127013030	+	8.225	7.05e-05	0.418	AGGATGGCAAAGGT
6-AAGATGGCGGCSSB	STREME-6	chr17	28952624	28952637	+	8.2125	7.08e-05	0.419	ATGATGGCGGCGGG
6-AAGATGGCGGCSSB	STREME-6	chr2	60284064	60284077	+	8.1875	7.14e-05	0.422	ACGATGGCAGTGGC
6-AAGATGGCGGCSSB	STREME-6	chr15	89377644	89377657	-	8.1875	7.14e-05	0.422	GAAATGGCATCCCT
6-AAGATGGCGGCSSB	STREME-6	chr8	71537326	71537339	+	8.175	7.17e-05	0.422	AAGATCGCGGCCCC
6-AAGATGGCGGCSSB	STREME-6	chr8	73353239	73353252	-	8.175	7.17e-05	0.422	AAGGTGGCGGCGGG
6-AAGATGGCGGCSSB	STREME-6	chr7	80340040	80340053	+	8.175	7.17e-05	0.422	GAGATGGCACAGGA
6-AAGATGGCGGCSSB	STREME-6	chr1	131153260	131153273	+	8.175	7.17e-05	0.422	AGCATGGCTGCCTC
6-AAGATGGCGGCSSB	STREME-6	chr15	88819356	88819369	+	8.15	7.22e-05	0.424	GACATGGCCACCAT
6-AAGATGGCGGCSSB	STREME-6	chr9	113708096	113708109	-	8.15	7.22e-05	0.424	ACCATGGCGTCGTT
6-AAGATGGCGGCSSB	STREME-6	chr4	43047369	43047382	+	8.1375	7.25e-05	0.425	AAGATGTCCTCCAC
6-AAGATGGCGGCSSB	STREME-6	chr13	112660675	112660688	+	8.1375	7.25e-05	0.425	CAGATGGCGGCGCT
6-AAGATGGCGGCSSB	STREME-6	chr11	90382480	90382493	+	8.125	7.28e-05	0.426	GACATGGCCACGTG
6-AAGATGGCGGCSSB	STREME-6	chr19	14598290	14598303	+	8.1125	7.3e-05	0.426	GAGATGGCTGAACA
6-AAGATGGCGGCSSB	STREME-6	chr8	83594365	83594378	+	8.1	7.33e-05	0.426	AGGATGGCACCTGC
6-AAGATGGCGGCSSB	STREME-6	chr6	121346470	121346483	+	8.1	7.33e-05	0.426	GAAATGGCCTCCCT
6-AAGATGGCGGCSSB	STREME-6	chr4	45108028	45108041	+	8.0875	7.36e-05	0.426	AACATTGCGGCGGC
6-AAGATGGCGGCSSB	STREME-6	chr13	54468796	54468809	-	8.0875	7.36e-05	0.426	GGCATGGCGGCGCC
6-AAGATGGCGGCSSB	STREME-6	chr14	54618140	54618153	+	8.0875	7.36e-05	0.426	AGGATGGCTGAGTG
6-AAGATGGCGGCSSB	STREME-6	chr9	72532475	72532488	-	8.0875	7.36e-05	0.426	GGCATGGCGGCGCC
6-AAGATGGCGGCSSB	STREME-6	chr6	86365768	86365781	-	8.0875	7.36e-05	0.426	ACCATGGCGTCCAC
6-AAGATGGCGGCSSB	STREME-6	chr1	106796436	106796449	-	8.0875	7.36e-05	0.426	ACCATGGCGTCCAC
6-AAGATGGCGGCSSB	STREME-6	chr7	129591968	129591981	-	8.0875	7.36e-05	0.426	AACATCGCGGCGGC
6-AAGATGGCGGCSSB	STREME-6	chr10	61452541	61452554	+	8.075	7.38e-05	0.427	GACATGGCTCCGAC
6-AAGATGGCGGCSSB	STREME-6	chr18	34759254	34759267	+	8.0625	7.42e-05	0.428	GACATGGCTTCCCC
6-AAGATGGCGGCSSB	STREME-6	chr5	104044349	104044362	+	8.05	7.44e-05	0.429	AAGATGTCCACCAG
6-AAGATGGCGGCSSB	STREME-6	chr17	35235816	35235829	+	8.0375	7.47e-05	0.43	GAAATGGCGCAAGC
6-AAGATGGCGGCSSB	STREME-6	chr15	78840880	78840893	-	8.0375	7.47e-05	0.43	AGGATGGCCGCATT
6-AAGATGGCGGCSSB	STREME-6	chr15	58889028	58889041	+	8.0125	7.54e-05	0.432	AAGATGGTGGCTCC
6-AAGATGGCGGCSSB	STREME-6	chr17	65783439	65783452	+	8.0125	7.54e-05	0.432	AAGATGGCGGGTAC
6-AAGATGGCGGCSSB	STREME-6	chr11	72959522	72959535	-	8.0125	7.54e-05	0.432	AAGATGGTGGCTCC
6-AAGATGGCGGCSSB	STREME-6	chr1	152766547	152766560	+	8	7.56e-05	0.434	AGGATGGCTGCAAG
6-AAGATGGCGGCSSB	STREME-6	chr9	8901738	8901751	-	7.9875	7.59e-05	0.435	AGGATGGCGCTCGC
6-AAGATGGCGGCSSB	STREME-6	chr2	26122027	26122040	+	7.975	7.63e-05	0.435	GAGATGGCTAATCT
6-AAGATGGCGGCSSB	STREME-6	chr13	49421201	49421214	+	7.975	7.63e-05	0.435	GGAATGGCGGCCGC
6-AAGATGGCGGCSSB	STREME-6	chr11	116671252	116671265	-	7.975	7.63e-05	0.435	AAGATGGGGGCGAG
6-AAGATGGCGGCSSB	STREME-6	chr5	33936255	33936268	-	7.9625	7.65e-05	0.435	AAGATGCCGGCCGA
6-AAGATGGCGGCSSB	STREME-6	chrX	36743740	36743753	+	7.9625	7.65e-05	0.435	AGGATGGCTACGTG
6-AAGATGGCGGCSSB	STREME-6	chr9	114026690	114026703	+	7.9625	7.65e-05	0.435	ACCATGGCCGCGAG
6-AAGATGGCGGCSSB	STREME-6	chr3	132673040	132673053	-	7.9625	7.65e-05	0.435	AAAATGTCTGCAGG
6-AAGATGGCGGCSSB	STREME-6	chr9	55193509	55193522	-	7.95	7.68e-05	0.436	AAGATGTCTAAGGG
6-AAGATGGCGGCSSB	STREME-6	chr8	123806132	123806145	+	7.9375	7.72e-05	0.437	AGAATGGCGCAGAC
6-AAGATGGCGGCSSB	STREME-6	chr3	129694361	129694374	+	7.9375	7.72e-05	0.437	GAAATGGCGCATTC
6-AAGATGGCGGCSSB	STREME-6	chr15	79323682	79323695	-	7.9125	7.77e-05	0.439	ACAATGGCTGCTGG
6-AAGATGGCGGCSSB	STREME-6	chr9	107888251	107888264	-	7.9125	7.77e-05	0.439	GACATGGCCACAGC
6-AAGATGGCGGCSSB	STREME-6	chr2	145783315	145783328	-	7.9125	7.77e-05	0.439	GACATGGCCACAGC
6-AAGATGGCGGCSSB	STREME-6	chr4	62208350	62208363	-	7.9	7.79e-05	0.439	GAGATGGCTACATC
6-AAGATGGCGGCSSB	STREME-6	chr6	83312635	83312648	+	7.9	7.79e-05	0.439	GAAATGGCTTCTGA
6-AAGATGGCGGCSSB	STREME-6	chr3	96580275	96580288	-	7.875	7.85e-05	0.441	GAGATGGCTCAGCT
6-AAGATGGCGGCSSB	STREME-6	chr8	107436890	107436903	+	7.875	7.85e-05	0.441	AGGATGGCGATCCG
6-AAGATGGCGGCSSB	STREME-6	chr7	126199834	126199847	+	7.875	7.85e-05	0.441	GAGATGGCTCAGCT
6-AAGATGGCGGCSSB	STREME-6	chr3	96594112	96594125	-	7.8625	7.88e-05	0.441	AAGTTGGCGGCTGC
6-AAGATGGCGGCSSB	STREME-6	chr9	106236296	106236309	+	7.8625	7.88e-05	0.441	GACATGGCAAAGGG
6-AAGATGGCGGCSSB	STREME-6	chr5	143909786	143909799	-	7.8625	7.88e-05	0.441	AAGAAGGCGGCTGC
6-AAGATGGCGGCSSB	STREME-6	chr1	156939439	156939452	-	7.8625	7.88e-05	0.441	GCAATGGCGGCGGC
6-AAGATGGCGGCSSB	STREME-6	chr2	71367513	71367526	-	7.85	7.92e-05	0.442	AGCATGGCGGTCAA
6-AAGATGGCGGCSSB	STREME-6	chr11	32216782	32216795	+	7.825	7.98e-05	0.445	GAGATGGCTTCTTG
6-AAGATGGCGGCSSB	STREME-6	chr18	14682724	14682737	-	7.8125	8e-05	0.446	AACATGTCTGTGGC
6-AAGATGGCGGCSSB	STREME-6	chr14	79587825	79587838	+	7.8	8.04e-05	0.447	GGGATGGCGGCAGC
6-AAGATGGCGGCSSB	STREME-6	chr14	79587825	79587838	+	7.8	8.04e-05	0.447	GGGATGGCGGCAGC
6-AAGATGGCGGCSSB	STREME-6	chr3	86142558	86142571	-	7.7875	8.07e-05	0.447	ACCATGGCGGTCGG
6-AAGATGGCGGCSSB	STREME-6	chr1	144004101	144004114	+	7.7875	8.07e-05	0.447	AACATGGCACTTTG
6-AAGATGGCGGCSSB	STREME-6	chr7	4789387	4789400	-	7.775	8.1e-05	0.447	GGCATGGCGGCGCT
6-AAGATGGCGGCSSB	STREME-6	chr15	52712500	52712513	-	7.775	8.1e-05	0.447	GACATGGCACCCCC
6-AAGATGGCGGCSSB	STREME-6	chr18	68300718	68300731	-	7.775	8.1e-05	0.447	AACATGTCTCCGGC
6-AAGATGGCGGCSSB	STREME-6	chr16	74413083	74413096	+	7.775	8.1e-05	0.447	GACATGGCCGTTGT
6-AAGATGGCGGCSSB	STREME-6	chr2	101628903	101628916	+	7.775	8.1e-05	0.447	ACCATGGCGTCCAT
6-AAGATGGCGGCSSB	STREME-6	chr4	136053342	136053355	-	7.775	8.1e-05	0.447	ACCATGGCGGTGAG
6-AAGATGGCGGCSSB	STREME-6	chr19	41482683	41482696	+	7.7625	8.12e-05	0.447	AAGATGGCGAGGGT
6-AAGATGGCGGCSSB	STREME-6	chr2	73486562	73486575	+	7.7625	8.12e-05	0.447	AGGATGGCCCCGCA
6-AAGATGGCGGCSSB	STREME-6	chr1	85894654	85894667	-	7.75	8.15e-05	0.448	ACCATGGCTGCGTT
6-AAGATGGCGGCSSB	STREME-6	chr13	94883272	94883285	-	7.75	8.15e-05	0.448	GGCATGGCGGCCGC
6-AAGATGGCGGCSSB	STREME-6	chr13	24943613	24943626	+	7.7375	8.18e-05	0.448	AACATGTCTGCAGG
6-AAGATGGCGGCSSB	STREME-6	chr1	73987835	73987848	-	7.7375	8.18e-05	0.448	GAGATGGCCCCACC
6-AAGATGGCGGCSSB	STREME-6	chr5	73292834	73292847	-	7.725	8.21e-05	0.449	AAGATGTCACCCAC
6-AAGATGGCGGCSSB	STREME-6	chr18	75000619	75000632	-	7.725	8.21e-05	0.449	GGGATGGCGACGCC
6-AAGATGGCGGCSSB	STREME-6	chr8	88199644	88199657	-	7.725	8.21e-05	0.449	CAAATGGCGGCGGC
6-AAGATGGCGGCSSB	STREME-6	chr18	20665435	20665448	+	7.7125	8.25e-05	0.45	AGGATGGCTTCCCT
6-AAGATGGCGGCSSB	STREME-6	chrX	94367144	94367157	-	7.7125	8.25e-05	0.45	AACATGTCGCTGGC
6-AAGATGGCGGCSSB	STREME-6	chr8	106604383	106604396	-	7.7125	8.25e-05	0.45	GACATGGCCTCTCT
6-AAGATGGCGGCSSB	STREME-6	chr1	170175043	170175056	+	7.7	8.28e-05	0.45	AGGATGGCCAAGGA
6-AAGATGGCGGCSSB	STREME-6	chr12	55398906	55398919	-	7.6875	8.31e-05	0.45	GACATGGCGTTCCT
6-AAGATGGCGGCSSB	STREME-6	chr16	95990879	95990892	-	7.6875	8.31e-05	0.45	ACCATGGCTGCCAC
6-AAGATGGCGGCSSB	STREME-6	chr5	25759892	25759905	+	7.675	8.34e-05	0.45	AGGATGGCTGACAA
6-AAGATGGCGGCSSB	STREME-6	chr10	120872642	120872655	+	7.675	8.34e-05	0.45	AAGATGCCGGCTAC
6-AAGATGGCGGCSSB	STREME-6	chr5	3647659	3647672	+	7.6625	8.36e-05	0.45	GGAATGGCGGCCGT
6-AAGATGGCGGCSSB	STREME-6	chr13	20185177	20185190	-	7.6625	8.36e-05	0.45	AAGATGGAGGCTAC
6-AAGATGGCGGCSSB	STREME-6	chr9	48597261	48597274	+	7.6625	8.36e-05	0.45	AGCATGGCCACTGC
6-AAGATGGCGGCSSB	STREME-6	chr17	29007874	29007887	+	7.65	8.39e-05	0.45	AAGACGGCGGCGCG
6-AAGATGGCGGCSSB	STREME-6	chr5	34807382	34807395	-	7.65	8.39e-05	0.45	AATATGGCTCCTCA
6-AAGATGGCGGCSSB	STREME-6	chr18	74216143	74216156	+	7.65	8.39e-05	0.45	AAGGTGGCGGCGCG
6-AAGATGGCGGCSSB	STREME-6	chr7	75610084	75610097	+	7.65	8.39e-05	0.45	GAGATGGCCCAGAT
6-AAGATGGCGGCSSB	STREME-6	chr5	117977133	117977146	-	7.65	8.39e-05	0.45	AAGAGGGCGGCGCG
6-AAGATGGCGGCSSB	STREME-6	chr6	124814111	124814124	-	7.65	8.39e-05	0.45	ACAATGGCGCCTAC
6-AAGATGGCGGCSSB	STREME-6	chr3	135486458	135486471	-	7.65	8.39e-05	0.45	AAAATGTCAGCACG
6-AAGATGGCGGCSSB	STREME-6	chr6	41616351	41616364	-	7.6375	8.43e-05	0.45	AAGATGTCTAATGC
6-AAGATGGCGGCSSB	STREME-6	chr7	73541713	73541726	-	7.6375	8.43e-05	0.45	TAGATGGCGGCTGT
6-AAGATGGCGGCSSB	STREME-6	chr9	96478577	96478590	+	7.6375	8.43e-05	0.45	GCCATGGCGGCGGC
6-AAGATGGCGGCSSB	STREME-6	chr10	127266489	127266502	-	7.6375	8.43e-05	0.45	GCCATGGCGGCGGC
6-AAGATGGCGGCSSB	STREME-6	chr6	137735345	137735358	-	7.6375	8.43e-05	0.45	GCCATGGCGGCGGC
6-AAGATGGCGGCSSB	STREME-6	chr3	95625110	95625123	-	7.6	8.52e-05	0.454	GACATGGCAGAACC
6-AAGATGGCGGCSSB	STREME-6	chr3	110250960	110250973	-	7.6	8.52e-05	0.454	AAGATGTCGCTGAG
6-AAGATGGCGGCSSB	STREME-6	chr4	137357399	137357412	-	7.6	8.52e-05	0.454	GGAATGGCGGCGCG
6-AAGATGGCGGCSSB	STREME-6	chr3	129534055	129534068	+	7.5875	8.55e-05	0.454	GGCATGGCGGCTGC
6-AAGATGGCGGCSSB	STREME-6	chr6	134898152	134898165	-	7.5875	8.55e-05	0.454	ACCATGGCAGCCAT
6-AAGATGGCGGCSSB	STREME-6	chr19	10219165	10219178	-	7.575	8.58e-05	0.455	AGGATGGCTAAGGA
6-AAGATGGCGGCSSB	STREME-6	chr9	50856981	50856994	+	7.575	8.58e-05	0.455	AACATGGCGGGCGC
6-AAGATGGCGGCSSB	STREME-6	chr12	70453165	70453178	+	7.5625	8.62e-05	0.457	GACATGGCGCACTT
6-AAGATGGCGGCSSB	STREME-6	chr18	35703054	35703067	-	7.55	8.65e-05	0.457	GATATGGCGACCAC
6-AAGATGGCGGCSSB	STREME-6	chr9	77346085	77346098	+	7.55	8.65e-05	0.457	AAAATGTCTGACCT
6-AAGATGGCGGCSSB	STREME-6	chr15	93336600	93336613	-	7.5375	8.68e-05	0.459	GCGATGGCGGCCGG
6-AAGATGGCGGCSSB	STREME-6	chr11	50827623	50827636	+	7.525	8.71e-05	0.459	AGGATGTCGGCCCC
6-AAGATGGCGGCSSB	STREME-6	chr5	120612956	120612969	-	7.525	8.71e-05	0.459	AACATGGCTTTATC
6-AAGATGGCGGCSSB	STREME-6	chr2	173218862	173218875	+	7.525	8.71e-05	0.459	AGAATGGCTGCTTG
6-AAGATGGCGGCSSB	STREME-6	chr15	81663950	81663963	+	7.5125	8.74e-05	0.459	AATATGGCTTCCTG
6-AAGATGGCGGCSSB	STREME-6	chr11	83942476	83942489	-	7.5125	8.74e-05	0.459	AAAATGTCTGTGCC
6-AAGATGGCGGCSSB	STREME-6	chr3	103738489	103738502	-	7.5125	8.74e-05	0.459	GAGATGGCCCCAGA
6-AAGATGGCGGCSSB	STREME-6	chr14	34310888	34310901	-	7.5	8.79e-05	0.461	TACATGGCGGCGGC
6-AAGATGGCGGCSSB	STREME-6	chr14	30479236	30479249	-	7.475	8.85e-05	0.461	GAGATGGCTCAGCG
6-AAGATGGCGGCSSB	STREME-6	chr2	30968149	30968162	+	7.475	8.85e-05	0.461	gagatggctcagcg
6-AAGATGGCGGCSSB	STREME-6	chr11	51757003	51757016	+	7.475	8.85e-05	0.461	AAAATGTCTGATGA
6-AAGATGGCGGCSSB	STREME-6	chr14	70168568	70168581	+	7.475	8.85e-05	0.461	gagatggctcagcg
6-AAGATGGCGGCSSB	STREME-6	chr6	72362784	72362797	+	7.475	8.85e-05	0.461	gagatggctcagcg
6-AAGATGGCGGCSSB	STREME-6	chr3	95034055	95034068	+	7.475	8.85e-05	0.461	gagatggctcagcg
6-AAGATGGCGGCSSB	STREME-6	chr9	96564831	96564844	+	7.475	8.85e-05	0.461	gagatggctcagcg
6-AAGATGGCGGCSSB	STREME-6	chr7	97371634	97371647	+	7.475	8.85e-05	0.461	GGAATGGCGGCGTC
6-AAGATGGCGGCSSB	STREME-6	chr6	35133680	35133693	-	7.4625	8.88e-05	0.461	AAGATGGTGGCCCG
6-AAGATGGCGGCSSB	STREME-6	chr6	116106527	116106540	-	7.4625	8.88e-05	0.461	GACATGGCAGTTGG
6-AAGATGGCGGCSSB	STREME-6	chr19	3325394	3325407	+	7.4375	8.95e-05	0.462	GGGATGGCAGCGGC
6-AAGATGGCGGCSSB	STREME-6	chr7	45555345	45555358	-	7.4375	8.95e-05	0.462	GAGATGGCTCAGCA
6-AAGATGGCGGCSSB	STREME-6	chr8	71611196	71611209	+	7.4375	8.95e-05	0.462	GCGATGGCGGCGTT
6-AAGATGGCGGCSSB	STREME-6	chr3	79517013	79517026	+	7.4375	8.95e-05	0.462	gagatggctcagca
6-AAGATGGCGGCSSB	STREME-6	chr5	114131038	114131051	-	7.4375	8.95e-05	0.462	GGCATGGCGGCCGT
6-AAGATGGCGGCSSB	STREME-6	chr5	122724082	122724095	-	7.4375	8.95e-05	0.462	GAGATGGCTCAGCA
6-AAGATGGCGGCSSB	STREME-6	chr6	47920612	47920625	+	7.4125	9.03e-05	0.464	AACAcggcggcggc
6-AAGATGGCGGCSSB	STREME-6	chr10	62792236	62792249	-	7.4125	9.03e-05	0.464	GAAATGGCTTCTCG
6-AAGATGGCGGCSSB	STREME-6	chr11	101253751	101253764	+	7.4125	9.03e-05	0.464	ACGATGGCGATGAG
6-AAGATGGCGGCSSB	STREME-6	chr1	136103464	136103477	-	7.4125	9.03e-05	0.464	ACCATGGCAGCCTC
6-AAGATGGCGGCSSB	STREME-6	chr10	4612097	4612110	-	7.4	9.05e-05	0.465	ACAATGGCAGAGGA
6-AAGATGGCGGCSSB	STREME-6	chr8	105297737	105297750	+	7.4	9.05e-05	0.465	gcgatggcggaggc
6-AAGATGGCGGCSSB	STREME-6	chr5	36989146	36989159	+	7.3875	9.08e-05	0.466	CAGATGGCGGCGAG
6-AAGATGGCGGCSSB	STREME-6	chr1	177796389	177796402	+	7.375	9.12e-05	0.467	GACATGGCTCCCGG
6-AAGATGGCGGCSSB	STREME-6	chr9	106159994	106160007	+	7.3625	9.15e-05	0.467	AAGATGTCGCAAGA
6-AAGATGGCGGCSSB	STREME-6	chr7	126289809	126289822	+	7.3625	9.15e-05	0.467	AAGATGGCGAGGGG
6-AAGATGGCGGCSSB	STREME-6	chr7	127993627	127993640	+	7.3625	9.15e-05	0.467	AGGATGGCATCTCG
6-AAGATGGCGGCSSB	STREME-6	chr18	15150824	15150837	+	7.35	9.19e-05	0.468	ACAATGGCGTCTTT
6-AAGATGGCGGCSSB	STREME-6	chr9	21510162	21510175	-	7.35	9.19e-05	0.468	ATGATGGCGGCCGG
6-AAGATGGCGGCSSB	STREME-6	chr2	119156919	119156932	+	7.35	9.19e-05	0.468	ACCATGGCAGCAGC
6-AAGATGGCGGCSSB	STREME-6	chr5	51552620	51552633	-	7.3375	9.23e-05	0.469	AAGATGTCCGTGTG
6-AAGATGGCGGCSSB	STREME-6	chr10	80142456	80142469	-	7.3375	9.23e-05	0.469	AACATGGTGGCGGA
6-AAGATGGCGGCSSB	STREME-6	chr4	94679284	94679297	-	7.3375	9.23e-05	0.469	GAGATGGCACAGAG
6-AAGATGGCGGCSSB	STREME-6	chr3	100922348	100922361	+	7.325	9.27e-05	0.47	GACATGGCTCCGAA
6-AAGATGGCGGCSSB	STREME-6	chr4	103214861	103214874	+	7.325	9.27e-05	0.47	GCCATggcggcggt
6-AAGATGGCGGCSSB	STREME-6	chr13	11585176	11585189	+	7.3125	9.31e-05	0.471	GAAATGGCCTCCAA
6-AAGATGGCGGCSSB	STREME-6	chr12	33302527	33302540	+	7.3125	9.31e-05	0.471	ACGATGGCATCTGT
6-AAGATGGCGGCSSB	STREME-6	chr15	99772532	99772545	+	7.3125	9.31e-05	0.471	AGGATGGCCTCCTC
6-AAGATGGCGGCSSB	STREME-6	chr9	27155355	27155368	-	7.3	9.35e-05	0.471	GACATGGCGCTGAG
6-AAGATGGCGGCSSB	STREME-6	chr7	27167604	27167617	-	7.3	9.35e-05	0.471	AAAATGTCAGCAAG
6-AAGATGGCGGCSSB	STREME-6	chr7	102082167	102082180	-	7.3	9.35e-05	0.471	AAGGTGGCGGCGAG
6-AAGATGGCGGCSSB	STREME-6	chr19	20389446	20389459	-	7.2875	9.38e-05	0.472	GAAATGGCTTCTTC
6-AAGATGGCGGCSSB	STREME-6	chr11	83964569	83964582	-	7.2875	9.38e-05	0.472	ACCATGGCTGCCCA
6-AAGATGGCGGCSSB	STREME-6	chr17	75551761	75551774	+	7.275	9.42e-05	0.472	AAGATGTCAGTCTC
6-AAGATGGCGGCSSB	STREME-6	chrX	93632100	93632113	-	7.275	9.42e-05	0.472	ACCATGGCGCCCAT
6-AAGATGGCGGCSSB	STREME-6	chr3	136889820	136889833	+	7.275	9.42e-05	0.472	AGGATGGCTTCCCA
6-AAGATGGCGGCSSB	STREME-6	chr11	30198185	30198198	+	7.2625	9.46e-05	0.474	AATATGGCCAACTC
6-AAGATGGCGGCSSB	STREME-6	chr7	24112243	24112256	-	7.2375	9.52e-05	0.476	AGGATGGCCTCTCA
6-AAGATGGCGGCSSB	STREME-6	chr19	57314700	57314713	+	7.2375	9.52e-05	0.476	GACATGGCTCAGGC
6-AAGATGGCGGCSSB	STREME-6	chr13	58113272	58113285	+	7.2375	9.52e-05	0.476	AGCATGGCTGCAAC
6-AAGATGGCGGCSSB	STREME-6	chr9	50603952	50603965	+	7.225	9.56e-05	0.477	ACAATGGCCGAGCT
6-AAGATGGCGGCSSB	STREME-6	chr7	45154470	45154483	-	7.2125	9.59e-05	0.478	GCGATGGCGGCTAC
6-AAGATGGCGGCSSB	STREME-6	chr10	95501908	95501921	-	7.2125	9.59e-05	0.478	AAGATGGCGAGCGC
6-AAGATGGCGGCSSB	STREME-6	chr1	39576071	39576084	+	7.2	9.63e-05	0.479	aagatgtcttagct
6-AAGATGGCGGCSSB	STREME-6	chr7	16848817	16848830	-	7.175	9.7e-05	0.482	AGAATGGCCACTGG
6-AAGATGGCGGCSSB	STREME-6	chr7	143796731	143796744	-	7.175	9.7e-05	0.482	AGAATGGCCACTGG
6-AAGATGGCGGCSSB	STREME-6	chr18	12334020	12334033	+	7.1625	9.73e-05	0.482	GGGATGGCGGTGGC
6-AAGATGGCGGCSSB	STREME-6	chr12	36108533	36108546	+	7.1625	9.73e-05	0.482	AGCATGGCTGTGGT
6-AAGATGGCGGCSSB	STREME-6	chr3	157907366	157907379	-	7.1625	9.73e-05	0.482	GGGATGGCGGTGGC
6-AAGATGGCGGCSSB	STREME-6	chr17	20945364	20945377	+	7.15	9.77e-05	0.482	GCAATGGCGGCGGG
6-AAGATGGCGGCSSB	STREME-6	chr5	104433107	104433120	-	7.15	9.77e-05	0.482	ACGATGGCAGCATT
6-AAGATGGCGGCSSB	STREME-6	chr2	154657987	154658000	+	7.15	9.77e-05	0.482	AAGATGTCGATAAC
6-AAGATGGCGGCSSB	STREME-6	chr2	166906046	166906059	-	7.15	9.77e-05	0.482	AAGGTGGCGGCCAC
6-AAGATGGCGGCSSB	STREME-6	chr11	32241174	32241187	+	7.1375	9.8e-05	0.483	aagaTGGGGGAGGG
6-AAGATGGCGGCSSB	STREME-6	chr5	35603023	35603036	+	7.1375	9.8e-05	0.483	GACATGGCTACCTG
6-AAGATGGCGGCSSB	STREME-6	chr8	95354046	95354059	-	7.1375	9.8e-05	0.483	AAGATGGGGGAGGG
6-AAGATGGCGGCSSB	STREME-6	chr3	108571718	108571731	+	7.125	9.83e-05	0.483	AGCATGGCAGATGA
6-AAGATGGCGGCSSB	STREME-6	chr4	155749720	155749733	+	7.125	9.83e-05	0.483	GAAATGGCAAAGTT
6-AAGATGGCGGCSSB	STREME-6	chr3	27153796	27153809	-	7.1125	9.88e-05	0.484	GCCATGGCGGCGCC
6-AAGATGGCGGCSSB	STREME-6	chr17	83514607	83514620	+	7.1125	9.88e-05	0.484	AAGAGGGCGGCTGA
6-AAGATGGCGGCSSB	STREME-6	chr1	151571917	151571930	-	7.1125	9.88e-05	0.484	AAGATGTCTCCCCA
6-AAGATGGCGGCSSB	STREME-6	chr13	45963986	45963999	+	7.1	9.92e-05	0.484	AACAGGGCGGCGGT
6-AAGATGGCGGCSSB	STREME-6	chr11	72041961	72041974	-	7.1	9.92e-05	0.484	GAGATGGCCCTGCC
6-AAGATGGCGGCSSB	STREME-6	chr7	90443266	90443279	+	7.1	9.92e-05	0.484	AAGATGGAGGAGGA
6-AAGATGGCGGCSSB	STREME-6	chr7	129592043	129592056	+	7.1	9.92e-05	0.484	AACAAGGCGGCGGT
6-AAGATGGCGGCSSB	STREME-6	chr2	23069194	23069207	-	7.0875	9.95e-05	0.484	AAGATGCCGGCCAA
6-AAGATGGCGGCSSB	STREME-6	chr14	56367120	56367133	+	7.0875	9.95e-05	0.484	GAGATGGCTCAGAA
6-AAGATGGCGGCSSB	STREME-6	chr4	117252070	117252083	+	7.0875	9.95e-05	0.484	ACCATGGCCTCGGC
6-AAGATGGCGGCSSB	STREME-6	chr11	119503862	119503875	+	7.0875	9.95e-05	0.484	AGGATGGCCTCCAG
6-AAGATGGCGGCSSB	STREME-6	chr7	123285363	123285376	+	7.0875	9.95e-05	0.484	GACATGGCTAAGCA
6-AAGATGGCGGCSSB	STREME-6	chr1	54926155	54926168	-	7.075	9.99e-05	0.485	AGAATGGCAGTGCT
6-AAGATGGCGGCSSB	STREME-6	chr3	110250878	110250891	-	7.075	9.99e-05	0.485	AAAATGGCGGGGAG

# FIMO (Find Individual Motif Occurrences): Version 5.4.1 compiled on Jan 24 2022 at 13:05:16
# The format of this file is described at https://meme-suite.org/meme/doc/fimo-output-format.html.
# fimo --parse-genomic-coord --verbosity 1 --oc /ocean/projects/bio230007p/sujathab/Motif_analysis/output/meme_chip_human_promoter/fimo_out_8 --bgfile /ocean/projects/bio230007p/sujathab/Motif_analysis/output/meme_chip_human_promoter/background --motif 6-AAGATGGCGGCSSB /ocean/projects/bio230007p/sujathab/Motif_analysis/output/meme_chip_human_promoter/streme_out/streme.xml /ocean/projects/bio230007p/sujathab/Motif_analysis/output/meme_chip_human_promoter/human_promoter.fa
